Student_ID,Department,Gender,CGPA,Attendance_Percentage,Aptitude_Score,Technical_Skill_Score,Communication_Skill_Score,Projects_Count,Internship,Backlogs,Placement_Status,Salary_INR
STU0001,CSE,Male,6.71,65.1,62.2,31.5,50.8,4,Yes,0,Not Placed,0
STU0002,ECE,Male,8.62,72.6,53.7,75.5,80.7,1,No,1,Placed,630000
STU0003,AIDS,Female,8.36,70.4,37.0,76.2,64.6,2,Yes,0,Placed,660000
STU0004,CSE,Male,7.22,77.8,83.2,65.3,50.3,1,Yes,0,Placed,760000
STU0005,ECE,Female,6.79,76.3,39.0,74.6,59.6,1,Yes,1,Not Placed,0
STU0006,AIDS,Female,6.78,100.0,53.7,86.6,70.5,4,Yes,3,Not Placed,0
STU0007,CSE,Male,6.42,50.0,59.2,51.8,71.0,1,No,1,Not Placed,0
STU0008,AIDS,Male,6.6,90.9,50.0,57.3,86.3,0,No,0,Placed,580000
STU0009,EEE,Female,7.27,67.2,51.7,56.6,75.9,2,No,0,Placed,610000
STU0010,CIVIL,Male,8.33,94.3,82.9,80.7,69.8,0,No,2,Placed,810000
STU0011,IT,Female,5.87,83.7,71.7,58.6,62.5,2,No,0,Not Placed,0
STU0012,ECE,Female,7.23,66.3,63.8,55.0,78.6,2,Yes,1,Placed,640000
STU0013,IT,Male,7.81,76.4,34.1,57.6,55.7,0,Yes,0,Placed,410000
STU0014,AIDS,Female,6.6,78.6,70.1,35.4,71.0,3,Yes,1,Placed,480000
STU0015,CSE,Male,6.91,67.0,57.7,56.9,72.4,3,No,0,Placed,480000
STU0016,ECE,Female,6.21,82.5,79.0,70.0,56.2,3,No,0,Placed,540000
STU0017,EEE,Female,7.06,82.3,65.8,56.7,60.1,3,Yes,2,Placed,630000
STU0018,IT,Male,6.33,86.1,25.0,73.3,67.3,2,No,0,Placed,450000
STU0019,MECH,Female,7.42,72.5,76.5,88.1,84.1,2,Yes,2,Placed,750000
STU0020,AIDS,Male,7.23,63.0,77.9,75.7,82.2,4,Yes,2,Placed,700000
STU0021,CSE,Female,7.0,67.1,59.2,98.0,78.0,1,No,0,Placed,690000
STU0022,CSE,Female,6.45,77.1,59.1,67.3,82.6,4,No,1,Placed,600000
STU0023,IT,Female,6.83,72.0,66.8,53.7,42.7,2,No,1,Not Placed,0
STU0024,EEE,Male,6.36,73.2,50.8,59.7,78.2,2,Yes,1,Not Placed,0
STU0025,IT,Male,7.82,93.3,70.2,61.0,43.0,2,Yes,0,Placed,620000
STU0026,AIDS,Male,6.59,81.6,64.5,72.0,73.9,2,No,2,Not Placed,0
STU0027,CSE,Male,7.99,91.0,71.0,66.2,60.3,3,No,0,Placed,560000
STU0028,CSE,Female,7.87,62.2,78.4,66.6,48.5,4,Yes,1,Not Placed,0
STU0029,ECE,Male,6.57,71.7,80.7,46.3,53.8,3,Yes,1,Placed,620000
STU0030,MECH,Male,6.81,74.7,76.3,64.8,73.8,0,No,1,Not Placed,0
STU0031,CIVIL,Female,6.79,87.5,65.9,79.5,61.3,3,No,0,Placed,630000
STU0032,MECH,Female,8.04,77.3,65.7,68.0,56.9,1,Yes,1,Placed,720000
STU0033,ECE,Female,8.13,77.1,80.5,61.6,98.0,2,No,0,Placed,690000
STU0034,ECE,Male,5.24,70.6,77.4,80.2,61.4,3,No,0,Placed,490000
STU0035,IT,Male,7.26,64.6,48.7,62.5,58.1,2,Yes,1,Placed,590000
STU0036,ECE,Male,7.83,77.7,49.4,49.8,60.8,5,No,0,Not Placed,0
STU0037,EEE,Male,7.93,98.8,40.3,84.5,54.6,3,Yes,0,Placed,790000
STU0038,ECE,Male,7.9,59.4,45.6,65.8,64.1,4,Yes,0,Placed,850000
STU0039,CSE,Female,8.89,91.6,80.9,54.9,71.1,5,No,1,Not Placed,0
STU0040,ECE,Male,7.94,94.8,47.7,66.5,76.6,0,Yes,0,Placed,600000
STU0041,AIDS,Male,5.35,87.3,61.6,52.9,75.6,0,Yes,1,Placed,450000
STU0042,IT,Female,6.58,66.2,77.2,60.2,71.0,0,No,2,Not Placed,0
STU0043,CSE,Female,5.0,85.5,55.8,48.8,68.5,1,Yes,2,Not Placed,0
STU0044,IT,Male,6.77,78.0,69.5,57.3,70.3,2,Yes,2,Placed,530000
STU0045,CSE,Male,8.83,66.2,46.3,47.6,80.0,1,No,1,Placed,450000
STU0046,CSE,Female,6.53,68.6,57.3,72.9,61.6,1,Yes,0,Not Placed,0
STU0047,MECH,Female,6.95,59.2,72.8,45.5,54.0,1,Yes,0,Placed,620000
STU0048,MECH,Female,7.27,61.4,59.3,66.0,98.0,2,Yes,1,Placed,570000
STU0049,CIVIL,Female,9.61,76.2,80.1,25.0,68.0,1,Yes,1,Placed,620000
STU0050,CSE,Male,7.03,79.7,57.1,75.3,63.1,2,Yes,0,Placed,730000
STU0051,CSE,Female,7.95,71.3,52.9,59.8,57.2,2,Yes,2,Placed,630000
STU0052,AIDS,Female,7.63,68.5,45.7,60.4,54.4,3,No,2,Placed,620000
STU0053,CSE,Male,6.89,74.4,53.1,67.1,74.9,2,No,0,Placed,530000
STU0054,ECE,Male,6.53,72.7,73.1,42.5,79.3,1,No,1,Not Placed,0
STU0055,CSE,Male,6.78,83.0,54.0,46.9,59.7,4,Yes,3,Not Placed,0
STU0056,EEE,Female,6.99,92.6,71.2,68.3,61.3,3,Yes,1,Placed,750000
STU0057,AIDS,Male,5.78,68.5,79.1,66.1,63.1,4,Yes,0,Placed,460000
STU0058,ECE,Male,6.83,85.1,82.7,67.1,63.2,1,No,1,Placed,490000
STU0059,IT,Female,6.1,70.6,58.8,66.4,56.0,1,Yes,0,Placed,330000
STU0060,MECH,Female,6.8,80.2,75.0,77.8,62.5,1,No,0,Placed,710000
STU0061,MECH,Female,6.16,74.0,42.7,58.5,81.6,2,Yes,0,Placed,590000
STU0062,EEE,Female,7.33,82.4,36.7,48.3,72.0,2,Yes,2,Not Placed,0
STU0063,EEE,Female,6.57,64.4,49.4,51.8,57.0,2,Yes,2,Placed,570000
STU0064,CSE,Male,8.8,70.1,75.7,56.0,79.7,2,No,0,Placed,670000
STU0065,AIDS,Male,6.57,91.9,57.9,66.2,67.9,3,Yes,0,Placed,650000
STU0066,EEE,Male,6.7,77.6,67.5,57.8,60.0,0,No,1,Placed,570000
STU0067,IT,Male,7.77,90.3,65.6,70.9,59.1,2,No,0,Placed,640000
STU0068,AIDS,Male,8.75,68.0,83.0,82.4,60.0,4,Yes,0,Placed,990000
STU0069,CSE,Male,7.54,91.7,61.9,58.3,61.1,2,No,0,Placed,570000
STU0070,IT,Female,7.42,85.1,49.5,69.7,70.7,5,No,1,Placed,670000
STU0071,ECE,Male,7.68,74.6,51.2,70.2,55.9,1,Yes,1,Not Placed,0
STU0072,IT,Male,7.31,68.8,54.1,60.6,55.0,0,Yes,2,Placed,590000
STU0073,ECE,Male,6.82,93.2,41.3,51.9,83.4,3,No,0,Placed,430000
STU0074,ECE,Female,7.98,75.8,60.1,68.2,48.3,1,No,3,Not Placed,0
STU0075,IT,Male,6.38,74.3,51.4,46.3,53.1,1,No,1,Not Placed,0
STU0076,MECH,Male,6.97,90.1,76.6,61.8,63.6,1,Yes,0,Placed,660000
STU0077,CSE,Female,6.17,95.7,55.9,42.0,51.2,2,No,1,Placed,410000
STU0078,CSE,Male,5.5,84.4,70.1,98.0,66.7,1,No,0,Not Placed,0
STU0079,CIVIL,Female,7.88,77.7,64.4,49.2,91.2,0,Yes,0,Placed,560000
STU0080,MECH,Female,7.13,72.2,67.2,59.5,64.0,5,Yes,0,Placed,710000
STU0081,IT,Male,7.04,72.7,61.5,83.3,60.6,2,No,0,Not Placed,0
STU0082,CIVIL,Male,7.78,76.1,74.3,28.7,46.5,2,No,2,Not Placed,0
STU0083,MECH,Male,6.8,82.8,45.5,74.5,75.5,2,No,0,Not Placed,0
STU0084,AIDS,Male,6.54,83.9,70.4,65.6,71.3,3,No,1,Placed,530000
STU0085,IT,Female,7.5,71.8,67.1,62.2,77.5,6,Yes,0,Placed,730000
STU0086,CSE,Male,7.24,67.5,62.8,91.2,63.8,1,Yes,0,Not Placed,0
STU0087,IT,Male,5.41,83.5,63.1,52.5,54.0,2,Yes,1,Placed,310000
STU0088,CIVIL,Male,8.57,58.8,67.8,60.4,83.5,1,No,1,Placed,680000
STU0089,CIVIL,Female,9.32,72.3,67.8,67.7,55.6,0,No,1,Not Placed,0
STU0090,CSE,Female,7.15,92.9,71.7,95.8,51.9,1,No,2,Not Placed,0
STU0091,EEE,Male,6.76,61.6,55.0,65.5,64.1,2,No,0,Not Placed,0
STU0092,AIDS,Male,6.75,72.2,60.9,77.1,85.8,1,No,2,Not Placed,0
STU0093,MECH,Female,7.13,92.8,63.8,65.5,33.9,1,Yes,0,Not Placed,0
STU0094,CSE,Female,7.86,73.8,81.9,83.4,73.3,2,Yes,1,Placed,760000
STU0095,EEE,Male,7.7,89.1,63.7,64.0,64.6,1,Yes,0,Placed,790000
STU0096,AIDS,Female,6.32,94.0,72.2,65.6,69.2,0,Yes,0,Placed,570000
STU0097,AIDS,Male,6.28,77.7,57.2,56.2,68.2,3,No,0,Not Placed,0
STU0098,EEE,Female,9.69,74.1,78.6,65.0,69.9,3,Yes,0,Placed,870000
STU0099,AIDS,Female,6.41,78.3,45.5,58.8,96.3,1,Yes,0,Placed,550000
STU0100,CSE,Male,8.26,74.3,64.3,54.7,64.7,3,Yes,0,Placed,700000
STU0101,AIDS,Female,6.32,78.0,56.5,94.5,75.4,3,Yes,1,Placed,700000
STU0102,IT,Male,7.83,77.1,65.9,59.6,63.6,1,Yes,0,Placed,670000
STU0103,AIDS,Female,8.48,88.1,49.3,72.5,67.0,2,Yes,0,Placed,800000
STU0104,ECE,Male,8.03,85.9,59.9,71.2,64.6,3,No,0,Placed,720000
STU0105,IT,Male,9.05,75.2,41.7,66.5,54.7,3,Yes,1,Not Placed,0
STU0106,EEE,Male,6.93,91.3,45.6,46.1,87.4,2,No,1,Placed,440000
STU0107,EEE,Female,8.48,84.7,61.2,52.1,64.0,2,Yes,1,Placed,670000
STU0108,MECH,Male,8.49,68.5,54.2,76.3,78.1,2,No,3,Placed,720000
STU0109,EEE,Male,6.21,85.1,67.5,53.5,47.8,3,Yes,0,Placed,570000
STU0110,ECE,Female,8.48,87.3,57.4,38.9,65.3,3,No,1,Not Placed,0
STU0111,AIDS,Male,7.21,89.3,62.9,82.0,63.4,2,No,0,Not Placed,0
STU0112,MECH,Male,6.82,71.2,30.4,47.7,67.1,4,No,0,Placed,510000
STU0113,ECE,Male,7.23,82.4,53.9,60.5,77.0,1,No,1,Placed,550000
STU0114,MECH,Male,7.98,99.9,29.0,59.7,55.5,1,Yes,3,Not Placed,0
STU0115,AIDS,Male,7.86,85.1,65.6,48.0,73.6,6,Yes,0,Not Placed,0
STU0116,CSE,Male,8.23,83.5,62.2,71.9,58.2,3,No,0,Placed,690000
STU0117,ECE,Female,6.31,65.2,98.0,56.1,64.1,0,No,0,Placed,430000
STU0118,CSE,Male,5.99,89.9,46.0,82.2,83.8,1,No,2,Not Placed,0
STU0119,AIDS,Female,8.14,71.7,66.6,53.8,46.6,3,No,1,Placed,640000
STU0120,MECH,Male,8.05,78.7,50.9,57.9,58.8,2,Yes,1,Not Placed,0
STU0121,MECH,Male,7.6,80.4,66.2,50.3,51.3,0,Yes,0,Not Placed,0
STU0122,EEE,Male,6.35,69.6,77.9,48.0,38.6,5,No,4,Not Placed,0
STU0123,CSE,Male,8.74,76.8,64.8,64.1,60.2,1,Yes,0,Placed,730000
STU0124,AIDS,Male,6.94,61.1,74.4,57.9,51.5,1,Yes,0,Placed,610000
STU0125,AIDS,Male,6.45,79.5,76.8,78.9,74.4,3,Yes,1,Not Placed,0
STU0126,CIVIL,Female,7.69,82.6,44.1,42.9,52.2,1,No,0,Placed,560000
STU0127,IT,Female,7.53,78.6,70.7,57.4,64.2,1,No,0,Placed,570000
STU0128,IT,Male,5.13,58.8,49.9,53.8,59.9,2,Yes,0,Not Placed,0
STU0129,ECE,Male,7.84,63.3,51.6,72.4,66.6,1,Yes,1,Not Placed,0
STU0130,AIDS,Male,6.88,69.6,71.2,51.1,62.8,4,Yes,1,Placed,540000
STU0131,CSE,Male,7.98,86.8,67.0,73.3,57.1,1,No,1,Not Placed,0
STU0132,ECE,Male,8.08,91.3,72.7,74.0,77.8,1,No,1,Placed,680000
STU0133,MECH,Female,7.58,74.5,68.0,61.4,85.1,4,Yes,0,Placed,770000
STU0134,CIVIL,Male,8.08,94.4,50.4,68.4,69.6,1,Yes,0,Placed,690000
STU0135,EEE,Female,8.21,76.4,58.0,85.9,55.5,4,Yes,1,Placed,820000
STU0136,ECE,Female,6.93,80.1,59.0,72.4,83.7,3,No,1,Not Placed,0
STU0137,MECH,Male,7.42,81.2,56.0,47.9,66.4,2,No,1,Placed,480000
STU0138,IT,Female,6.47,75.8,65.0,62.3,77.9,2,No,1,Placed,520000
STU0139,CSE,Female,6.97,80.7,38.7,72.7,58.5,2,Yes,1,Placed,600000
STU0140,IT,Male,6.71,75.5,70.2,59.8,81.9,2,No,0,Placed,610000
STU0141,MECH,Male,6.79,92.5,72.8,87.6,83.5,1,No,2,Not Placed,0
STU0142,IT,Male,8.1,73.3,43.5,65.8,60.8,1,Yes,0,Placed,720000
STU0143,IT,Male,8.71,86.4,77.6,64.1,86.4,2,No,0,Placed,770000
STU0144,CSE,Male,6.43,79.7,53.4,29.7,56.6,1,No,1,Not Placed,0
STU0145,CIVIL,Male,7.28,62.0,65.0,65.8,71.4,3,Yes,1,Not Placed,0
STU0146,CSE,Female,7.13,64.4,68.8,52.4,83.2,3,Yes,0,Placed,690000
STU0147,EEE,Female,6.78,88.6,71.0,57.9,71.6,0,Yes,0,Placed,600000
STU0148,CIVIL,Female,6.62,75.5,57.3,68.8,77.1,3,No,1,Not Placed,0
STU0149,EEE,Female,7.83,95.1,81.0,59.5,63.1,5,No,1,Placed,620000
STU0150,EEE,Male,7.97,96.0,71.5,36.5,82.0,3,Yes,1,Placed,700000
STU0151,CIVIL,Female,6.49,60.4,58.6,47.4,55.0,1,No,0,Not Placed,0
STU0152,CSE,Male,5.31,94.7,88.0,79.5,67.4,3,No,0,Placed,590000
STU0153,AIDS,Male,6.82,81.3,98.0,55.8,53.0,1,Yes,2,Not Placed,0
STU0154,CSE,Male,5.89,72.2,49.0,72.9,78.1,5,Yes,0,Placed,770000
STU0155,MECH,Male,7.84,73.9,82.1,76.0,51.8,3,Yes,0,Placed,680000
STU0156,MECH,Male,8.1,86.2,60.8,77.7,82.6,3,Yes,1,Not Placed,0
STU0157,MECH,Female,5.98,60.1,64.9,92.6,54.7,2,Yes,1,Placed,640000
STU0158,ECE,Male,7.83,70.3,55.4,62.1,58.0,0,Yes,0,Not Placed,0
STU0159,AIDS,Male,7.96,58.9,64.2,54.4,72.2,1,Yes,0,Placed,680000
STU0160,CSE,Male,7.79,69.5,67.6,68.4,79.2,0,No,2,Not Placed,0
STU0161,CSE,Male,6.15,77.2,60.6,74.2,75.3,1,No,1,Placed,570000
STU0162,CSE,Male,6.66,93.3,69.0,84.4,45.2,4,No,0,Not Placed,0
STU0163,ECE,Male,7.75,64.7,25.0,67.1,75.1,3,No,1,Placed,510000
STU0164,AIDS,Female,7.32,78.4,58.5,70.0,66.9,4,Yes,1,Placed,720000
STU0165,MECH,Female,5.54,71.7,67.3,68.9,76.5,1,No,1,Not Placed,0
STU0166,IT,Female,7.55,83.2,53.9,49.7,53.3,1,Yes,2,Placed,580000
STU0167,CIVIL,Male,8.03,75.6,53.3,50.2,77.8,0,Yes,2,Placed,630000
STU0168,CSE,Male,7.61,81.1,81.6,50.3,74.4,1,No,0,Placed,490000
STU0169,CIVIL,Male,7.67,77.2,73.0,44.2,69.0,2,Yes,1,Not Placed,0
STU0170,EEE,Male,6.99,89.0,48.4,84.5,94.9,2,No,1,Placed,650000
STU0171,IT,Male,8.08,87.9,78.9,67.8,51.2,5,Yes,1,Placed,780000
STU0172,MECH,Female,7.02,94.6,44.2,66.5,60.7,1,Yes,0,Placed,730000
STU0173,AIDS,Male,6.8,73.2,82.4,64.3,69.7,4,No,3,Not Placed,0
STU0174,CSE,Female,8.68,90.9,60.3,66.3,61.0,0,No,2,Placed,660000
STU0175,IT,Female,9.03,77.0,46.5,59.7,74.0,2,Yes,0,Placed,780000
STU0176,AIDS,Male,7.12,75.1,75.1,94.4,77.1,1,Yes,2,Placed,840000
STU0177,CIVIL,Male,7.09,93.4,60.1,81.8,85.1,1,No,4,Placed,560000
STU0178,MECH,Female,6.71,86.7,58.6,61.6,55.5,1,No,0,Not Placed,0
STU0179,AIDS,Male,7.07,82.7,71.7,85.6,74.6,3,No,0,Not Placed,0
STU0180,CSE,Male,8.49,85.5,63.0,46.2,41.7,1,Yes,2,Not Placed,0
STU0181,CSE,Male,7.55,79.3,58.6,52.3,72.8,0,Yes,0,Placed,470000
STU0182,IT,Male,6.23,68.6,55.2,59.8,69.7,3,No,0,Not Placed,0
STU0183,CSE,Female,5.37,70.3,62.0,63.2,50.9,2,Yes,1,Placed,590000
STU0184,CIVIL,Male,8.91,90.3,73.2,65.3,73.8,2,Yes,0,Placed,760000
STU0185,AIDS,Female,6.63,76.6,41.3,56.8,54.8,4,Yes,1,Not Placed,0
STU0186,CSE,Male,5.71,73.2,67.4,53.6,45.7,2,No,0,Not Placed,0
STU0187,CSE,Female,7.93,77.8,71.0,40.0,63.1,2,No,1,Placed,510000
STU0188,IT,Female,7.01,87.5,27.4,56.3,74.4,2,Yes,0,Not Placed,0
STU0189,AIDS,Male,7.79,88.7,64.2,86.4,75.3,1,No,0,Placed,600000
STU0190,EEE,Male,7.53,78.1,89.3,76.5,72.9,2,Yes,0,Placed,730000
STU0191,CIVIL,Female,6.33,78.9,51.0,36.4,65.4,3,Yes,0,Placed,390000
STU0192,CSE,Female,6.36,65.4,56.8,58.2,69.4,1,Yes,1,Placed,490000
STU0193,CSE,Female,7.4,76.8,78.5,88.3,88.8,6,No,0,Placed,860000
STU0194,CSE,Male,5.95,86.5,69.8,36.6,79.4,3,No,0,Not Placed,0
STU0195,AIDS,Female,7.36,74.1,64.6,58.7,61.6,3,Yes,0,Placed,680000
STU0196,ECE,Female,7.99,68.9,58.2,38.1,81.8,1,No,2,Not Placed,0
STU0197,CSE,Male,7.83,80.8,69.3,49.8,71.2,0,Yes,2,Placed,540000
STU0198,CSE,Male,7.14,64.2,34.9,53.8,61.8,2,Yes,0,Not Placed,0
STU0199,CSE,Female,5.55,79.6,83.9,73.5,80.1,1,No,0,Placed,530000
STU0200,CSE,Female,6.85,75.2,44.0,55.6,61.3,0,Yes,0,Not Placed,0
STU0201,IT,Male,7.53,76.7,36.7,65.4,52.1,3,Yes,1,Placed,660000
STU0202,CIVIL,Male,8.13,71.5,38.1,75.8,79.2,0,Yes,1,Not Placed,0
STU0203,CSE,Male,5.86,85.7,44.8,69.1,84.9,2,No,1,Placed,460000
STU0204,CSE,Female,7.54,74.6,60.4,76.3,74.6,2,No,0,Placed,790000
STU0205,CSE,Female,8.01,80.2,71.2,62.9,52.4,2,Yes,1,Placed,710000
STU0206,AIDS,Female,8.34,86.4,55.1,75.2,73.0,1,No,2,Not Placed,0
STU0207,CIVIL,Male,7.31,88.0,40.9,59.6,56.0,1,No,0,Not Placed,0
STU0208,CSE,Female,7.03,81.1,68.4,68.6,66.3,2,No,1,Placed,570000
STU0209,CIVIL,Male,7.72,84.8,40.5,45.8,67.4,3,No,2,Placed,550000
STU0210,CIVIL,Male,8.02,91.0,66.6,64.3,74.6,2,No,0,Placed,710000
STU0211,EEE,Female,6.04,62.7,51.6,40.7,77.2,2,Yes,2,Not Placed,0
STU0212,EEE,Female,5.57,86.8,62.3,79.5,63.7,2,No,0,Not Placed,0
STU0213,ECE,Female,7.92,72.5,58.0,33.6,60.6,0,Yes,2,Not Placed,0
STU0214,IT,Male,7.02,85.0,52.9,72.9,71.8,2,No,0,Placed,540000
STU0215,CSE,Male,7.64,65.7,86.1,63.0,83.1,4,Yes,2,Placed,710000
STU0216,ECE,Female,7.59,63.6,69.3,70.2,68.2,2,Yes,0,Placed,710000
STU0217,ECE,Male,7.19,68.0,71.6,42.3,62.7,2,No,0,Not Placed,0
STU0218,ECE,Male,8.63,81.0,58.8,68.3,57.9,2,No,1,Not Placed,0
STU0219,CSE,Male,7.39,89.1,73.4,63.9,80.1,2,Yes,1,Placed,720000
STU0220,IT,Female,7.01,70.8,66.6,98.0,43.3,1,No,0,Placed,690000
STU0221,CSE,Male,7.22,78.9,44.4,59.4,66.7,4,No,0,Placed,690000
STU0222,AIDS,Female,5.37,97.6,65.3,64.1,61.8,1,Yes,1,Not Placed,0
STU0223,MECH,Female,7.49,67.9,74.3,42.8,68.1,3,No,1,Not Placed,0
STU0224,MECH,Female,6.84,81.4,50.8,66.8,65.6,2,Yes,2,Not Placed,0
STU0225,IT,Male,7.43,94.4,61.7,73.6,50.8,1,Yes,0,Placed,700000
STU0226,CSE,Female,7.34,75.5,76.4,69.9,58.8,4,Yes,0,Placed,750000
STU0227,IT,Male,6.18,72.8,55.2,63.8,79.7,2,No,0,Placed,530000
STU0228,MECH,Female,8.14,71.6,84.1,44.0,63.8,2,Yes,0,Placed,650000
STU0229,EEE,Male,9.01,89.0,53.9,67.8,57.7,4,Yes,0,Placed,820000
STU0230,EEE,Male,9.31,100.0,59.5,37.8,49.2,3,No,2,Placed,600000
STU0231,MECH,Female,7.11,87.1,52.6,38.6,94.5,1,No,1,Placed,480000
STU0232,CSE,Female,6.62,71.8,98.0,48.9,74.5,1,No,3,Placed,480000
STU0233,CSE,Female,8.57,82.0,46.7,77.0,60.4,2,No,4,Placed,620000
STU0234,EEE,Female,6.88,66.0,63.8,58.1,67.8,1,Yes,0,Placed,500000
STU0235,ECE,Male,7.64,73.1,67.0,63.2,79.6,2,Yes,2,Not Placed,0
STU0236,EEE,Male,6.26,84.2,68.8,42.0,52.7,1,Yes,4,Not Placed,0
STU0237,CSE,Male,8.48,82.5,52.1,68.3,63.7,1,No,1,Placed,620000
STU0238,ECE,Female,8.63,74.9,78.0,54.9,74.9,0,No,0,Placed,760000
STU0239,ECE,Female,7.74,77.8,77.5,75.6,64.7,5,Yes,2,Placed,900000
STU0240,MECH,Female,6.85,85.1,51.5,43.5,58.9,4,Yes,0,Not Placed,0
STU0241,EEE,Male,7.65,79.2,65.4,64.7,65.2,0,Yes,0,Placed,700000
STU0242,IT,Male,6.1,65.7,69.3,52.3,69.2,3,Yes,1,Placed,600000
STU0243,CIVIL,Male,5.72,80.8,49.9,62.9,54.8,1,No,0,Not Placed,0
STU0244,EEE,Female,7.85,67.9,64.9,96.1,66.1,3,Yes,1,Placed,940000
STU0245,EEE,Female,8.22,82.5,52.0,46.2,73.8,2,No,3,Placed,570000
STU0246,IT,Male,7.18,88.2,50.7,62.3,74.2,5,No,2,Not Placed,0
STU0247,IT,Female,6.23,79.2,51.5,67.7,50.1,4,No,0,Placed,650000
STU0248,CIVIL,Male,7.25,87.9,72.8,53.3,80.1,2,Yes,1,Placed,670000
STU0249,CSE,Female,7.0,100.0,72.9,82.8,75.4,2,No,2,Placed,730000
STU0250,AIDS,Male,8.95,80.4,82.8,83.1,67.3,2,Yes,1,Placed,950000
STU0251,IT,Female,6.84,91.8,65.7,87.1,66.6,3,Yes,0,Not Placed,0
STU0252,CSE,Male,6.7,80.7,63.1,42.5,52.5,1,No,1,Not Placed,0
STU0253,MECH,Male,7.88,74.2,56.8,54.0,46.1,6,No,0,Placed,640000
STU0254,MECH,Male,7.14,81.7,74.1,86.9,82.1,1,No,0,Placed,750000
STU0255,CIVIL,Female,6.44,66.6,49.4,76.5,56.7,6,No,0,Not Placed,0
STU0256,IT,Male,6.57,81.7,69.2,48.0,55.2,0,No,0,Not Placed,0
STU0257,ECE,Male,7.7,75.5,56.4,82.2,56.8,2,No,1,Placed,580000
STU0258,CIVIL,Female,8.03,72.6,32.4,79.2,40.8,5,Yes,0,Placed,660000
STU0259,ECE,Male,7.94,77.6,78.7,72.5,58.7,4,No,1,Placed,660000
STU0260,CIVIL,Male,7.45,95.4,80.6,50.6,67.9,2,No,0,Placed,610000
STU0261,EEE,Male,7.63,81.2,83.1,98.0,62.8,2,No,1,Placed,780000
STU0262,AIDS,Male,5.82,68.9,61.4,67.1,51.2,4,Yes,0,Not Placed,0
STU0263,CSE,Male,8.83,82.4,60.3,79.8,66.0,2,No,0,Placed,710000
STU0264,CIVIL,Male,5.76,61.5,88.1,64.2,59.2,1,No,2,Not Placed,0
STU0265,IT,Male,7.8,83.0,55.7,50.5,66.4,1,Yes,0,Placed,530000
STU0266,CSE,Male,8.78,74.0,51.5,75.5,57.4,1,No,1,Placed,680000
STU0267,IT,Male,6.59,80.2,62.8,58.4,69.7,2,Yes,0,Placed,530000
STU0268,ECE,Male,6.46,74.8,53.2,96.0,83.2,0,Yes,2,Not Placed,0
STU0269,ECE,Male,5.91,77.8,64.0,75.7,64.7,1,No,0,Not Placed,0
STU0270,ECE,Male,7.15,71.9,42.5,47.9,59.6,3,No,1,Not Placed,0
STU0271,MECH,Female,7.37,77.1,53.0,73.9,70.5,0,No,0,Not Placed,0
STU0272,EEE,Female,8.7,68.0,71.4,74.8,75.2,1,Yes,0,Placed,750000
STU0273,ECE,Female,8.5,92.1,65.9,75.9,60.9,3,Yes,1,Placed,840000
STU0274,EEE,Female,6.46,79.8,51.3,79.7,56.4,2,Yes,0,Not Placed,0
STU0275,CSE,Female,7.66,84.1,61.9,67.4,70.3,1,No,2,Placed,540000
STU0276,ECE,Female,8.3,86.3,61.0,71.7,69.3,1,Yes,0,Placed,790000
STU0277,CSE,Male,9.18,82.3,61.6,59.6,42.5,5,Yes,0,Placed,850000
STU0278,AIDS,Male,7.55,75.0,53.3,50.9,76.3,1,No,1,Not Placed,0
STU0279,CSE,Female,7.76,78.3,71.9,52.2,72.0,2,No,1,Placed,650000
STU0280,AIDS,Female,6.8,77.1,63.6,57.7,58.6,0,Yes,0,Not Placed,0
STU0281,ECE,Female,6.2,83.4,75.1,59.2,74.0,2,Yes,1,Not Placed,0
STU0282,IT,Male,8.04,77.9,67.3,63.7,84.5,3,No,1,Placed,800000
STU0283,EEE,Female,7.42,95.9,71.8,79.2,68.5,3,Yes,0,Placed,780000
STU0284,ECE,Male,7.9,80.2,74.0,62.2,64.4,2,No,0,Placed,720000
STU0285,AIDS,Female,7.32,89.8,69.5,61.7,88.7,1,Yes,1,Placed,740000
STU0286,CSE,Male,6.17,81.4,81.0,60.3,71.9,1,No,0,Not Placed,0
STU0287,IT,Male,6.93,82.2,76.9,60.9,40.2,2,Yes,2,Not Placed,0
STU0288,IT,Male,8.59,80.3,66.7,87.4,55.3,4,No,1,Placed,840000
STU0289,EEE,Female,5.35,63.8,58.2,82.8,69.4,1,Yes,0,Not Placed,0
STU0290,CSE,Male,7.48,66.9,42.6,63.0,65.5,2,No,1,Placed,610000
STU0291,CSE,Male,6.61,92.9,71.5,47.7,60.8,0,Yes,1,Placed,550000
STU0292,ECE,Male,8.04,81.1,66.5,71.1,53.1,1,Yes,1,Placed,610000
STU0293,CIVIL,Female,6.75,50.0,98.0,60.0,66.0,4,No,0,Placed,670000
STU0294,CIVIL,Male,7.76,84.2,62.3,57.9,66.3,2,No,1,Placed,600000
STU0295,ECE,Male,6.98,91.4,53.5,76.7,67.3,1,No,1,Placed,540000
STU0296,AIDS,Female,7.33,92.6,47.7,81.4,66.7,1,Yes,1,Placed,690000
STU0297,IT,Female,6.26,72.7,44.3,41.8,64.8,3,Yes,0,Placed,390000
STU0298,EEE,Male,6.6,75.4,39.7,78.5,63.4,3,No,0,Not Placed,0
STU0299,MECH,Male,7.04,77.7,71.2,59.3,79.5,2,No,0,Placed,520000
STU0300,CSE,Male,8.43,87.1,51.0,61.7,66.1,1,No,1,Placed,670000
STU0301,EEE,Female,6.83,91.9,75.8,51.0,53.0,3,Yes,1,Placed,680000
STU0302,MECH,Female,5.85,78.4,69.4,42.2,61.8,3,No,0,Placed,490000
STU0303,AIDS,Female,7.93,65.1,61.7,76.8,43.5,2,Yes,1,Placed,600000
STU0304,MECH,Male,8.35,91.7,46.8,57.9,62.2,2,Yes,0,Placed,680000
STU0305,CSE,Male,6.95,72.7,66.0,68.6,79.8,1,No,2,Not Placed,0
STU0306,CIVIL,Female,7.33,67.0,61.0,25.5,78.8,1,Yes,2,Not Placed,0
STU0307,MECH,Male,7.63,82.6,52.1,90.1,82.2,2,Yes,1,Placed,800000
STU0308,MECH,Female,5.89,82.0,33.4,44.9,79.9,1,No,0,Not Placed,0
STU0309,MECH,Female,6.89,67.3,75.7,63.8,64.2,0,Yes,1,Not Placed,0
STU0310,IT,Male,7.15,98.9,48.2,79.9,63.7,1,Yes,1,Not Placed,0
STU0311,CIVIL,Male,8.48,100.0,60.6,64.4,83.5,3,No,2,Placed,710000
STU0312,EEE,Female,7.73,75.7,54.3,50.4,60.3,1,No,0,Placed,420000
STU0313,CSE,Female,8.6,81.0,52.9,63.9,65.4,2,No,0,Placed,700000
STU0314,EEE,Male,7.42,87.1,72.0,61.6,72.6,3,No,1,Placed,560000
STU0315,CSE,Male,8.49,96.8,75.3,86.6,54.9,4,No,3,Placed,760000
STU0316,CSE,Female,7.56,75.0,45.7,70.8,55.7,5,No,2,Not Placed,0
STU0317,EEE,Female,6.6,64.3,44.0,54.7,61.2,3,Yes,2,Not Placed,0
STU0318,CSE,Female,7.51,72.4,96.5,86.0,57.1,2,Yes,0,Placed,830000
STU0319,IT,Male,7.44,73.4,61.2,48.6,49.3,1,Yes,1,Not Placed,0
STU0320,EEE,Female,7.65,80.5,41.6,41.3,83.4,0,Yes,0,Placed,500000
STU0321,CIVIL,Female,9.6,74.3,79.2,52.4,63.3,2,Yes,3,Placed,820000
STU0322,ECE,Male,8.63,83.4,32.7,88.2,78.3,5,No,1,Placed,680000
STU0323,CSE,Female,8.72,81.7,67.7,54.7,58.4,0,No,0,Placed,700000
STU0324,CSE,Female,7.0,68.4,43.2,77.7,81.8,0,No,0,Not Placed,0
STU0325,MECH,Male,5.09,70.7,79.6,66.0,68.9,0,Yes,1,Not Placed,0
STU0326,ECE,Female,8.43,72.6,59.8,96.8,63.7,3,Yes,3,Placed,890000
STU0327,MECH,Female,7.85,75.1,38.5,70.3,68.6,3,No,0,Not Placed,0
STU0328,EEE,Male,5.23,68.4,57.1,84.8,62.1,2,No,1,Placed,500000
STU0329,MECH,Female,8.12,73.5,50.7,51.1,79.9,1,Yes,0,Placed,520000
STU0330,ECE,Female,7.22,69.8,63.2,53.0,81.0,1,Yes,5,Not Placed,0
STU0331,MECH,Female,6.77,84.3,51.2,54.4,72.3,3,Yes,1,Placed,580000
STU0332,CIVIL,Male,8.15,82.9,63.0,79.6,68.0,1,Yes,1,Placed,770000
STU0333,EEE,Male,5.85,94.0,86.0,61.9,74.8,2,Yes,0,Placed,560000
STU0334,AIDS,Female,8.09,76.9,38.0,82.9,63.1,1,Yes,1,Placed,720000
STU0335,ECE,Female,8.1,87.5,59.0,55.7,67.9,3,Yes,0,Placed,570000
STU0336,CIVIL,Male,7.37,78.0,42.9,79.5,75.3,3,Yes,1,Placed,710000
STU0337,CSE,Female,7.21,82.9,55.5,68.5,54.4,3,Yes,0,Placed,610000
STU0338,AIDS,Female,7.11,82.1,73.7,58.8,71.1,0,Yes,0,Placed,540000
STU0339,IT,Male,6.84,73.9,56.1,78.6,71.7,2,Yes,1,Placed,690000
STU0340,CSE,Male,7.68,89.0,68.6,45.3,73.1,2,Yes,0,Placed,680000
STU0341,CSE,Female,7.88,70.2,65.8,48.7,70.5,1,No,1,Placed,570000
STU0342,MECH,Male,7.15,74.2,60.9,61.6,69.6,2,No,2,Not Placed,0
STU0343,MECH,Female,8.62,61.4,68.4,80.7,47.9,2,No,4,Not Placed,0
STU0344,AIDS,Male,7.01,69.7,65.8,67.5,75.7,1,No,1,Placed,660000
STU0345,EEE,Male,7.3,96.7,78.9,52.8,84.7,1,Yes,0,Placed,620000
STU0346,IT,Male,6.75,75.5,67.3,73.2,57.0,0,Yes,1,Placed,710000
STU0347,IT,Female,8.11,93.5,50.3,63.5,56.7,4,Yes,2,Placed,750000
STU0348,CSE,Male,6.59,66.4,68.3,65.1,74.7,1,No,2,Not Placed,0
STU0349,AIDS,Male,6.84,79.6,54.9,51.2,63.3,2,Yes,1,Placed,600000
STU0350,IT,Male,7.34,83.9,68.6,45.7,47.1,1,No,0,Not Placed,0
STU0351,CSE,Male,7.19,71.5,98.0,52.0,73.8,1,Yes,2,Not Placed,0
STU0352,CSE,Male,8.73,72.0,71.0,50.6,48.3,2,No,1,Not Placed,0
STU0353,ECE,Female,6.76,87.6,54.7,45.6,64.7,1,Yes,3,Not Placed,0
STU0354,ECE,Male,7.82,67.2,49.9,65.7,71.9,1,No,1,Not Placed,0
STU0355,ECE,Female,7.32,84.6,55.8,56.4,62.1,1,No,0,Placed,500000
STU0356,EEE,Male,8.16,77.3,56.6,80.4,79.8,2,Yes,1,Placed,700000
STU0357,ECE,Male,6.46,82.7,67.9,64.5,43.4,4,No,3,Not Placed,0
STU0358,MECH,Male,5.92,97.5,41.7,79.1,67.2,1,No,2,Not Placed,0
STU0359,ECE,Male,5.0,66.3,60.6,61.7,66.1,0,No,1,Not Placed,0
STU0360,CIVIL,Male,5.92,82.4,26.1,47.7,45.0,6,No,2,Placed,410000
STU0361,IT,Female,8.14,78.2,84.8,52.7,51.3,0,Yes,0,Placed,780000
STU0362,ECE,Female,8.55,87.5,67.9,51.1,66.1,1,Yes,2,Placed,590000
STU0363,CSE,Female,7.95,79.8,45.6,29.8,65.6,2,Yes,0,Placed,490000
STU0364,ECE,Female,7.11,73.0,52.7,75.8,52.1,1,No,0,Placed,510000
STU0365,ECE,Female,6.85,73.1,80.4,57.6,67.7,5,No,0,Placed,720000
STU0366,ECE,Male,7.86,84.7,66.7,84.5,73.3,0,No,1,Placed,630000
STU0367,CSE,Male,6.73,85.5,47.4,77.6,70.7,1,Yes,1,Placed,650000
STU0368,ECE,Female,7.56,82.7,75.5,32.9,73.0,3,Yes,0,Placed,560000
STU0369,IT,Female,7.43,84.5,85.5,58.3,68.3,2,Yes,1,Placed,830000
STU0370,AIDS,Male,6.11,83.5,80.3,54.3,80.1,1,Yes,2,Not Placed,0
STU0371,CIVIL,Female,8.59,63.8,53.0,83.3,52.0,1,Yes,0,Placed,800000
STU0372,EEE,Male,7.1,85.5,43.8,60.2,54.4,2,No,0,Not Placed,0
STU0373,CSE,Male,6.64,78.9,42.8,85.5,57.5,3,No,0,Placed,540000
STU0374,EEE,Male,7.25,66.3,73.5,71.1,68.9,0,No,0,Placed,600000
STU0375,CSE,Male,7.03,100.0,56.1,60.8,78.2,2,Yes,1,Placed,560000
STU0376,AIDS,Male,6.66,81.7,65.2,59.3,58.6,2,Yes,1,Not Placed,0
STU0377,IT,Male,6.34,70.3,56.6,90.4,75.6,0,Yes,1,Not Placed,0
STU0378,CIVIL,Female,7.55,89.9,74.1,56.1,74.9,0,No,0,Not Placed,0
STU0379,ECE,Female,7.71,80.5,41.6,90.5,65.9,0,Yes,1,Placed,630000
STU0380,IT,Female,6.56,91.6,60.0,93.8,63.7,2,Yes,0,Placed,780000
STU0381,ECE,Male,8.04,72.2,67.6,62.9,77.7,0,No,2,Placed,650000
STU0382,AIDS,Male,6.94,73.5,52.2,78.7,80.4,2,No,0,Not Placed,0
STU0383,CIVIL,Male,7.0,72.0,41.7,57.2,74.1,4,Yes,0,Placed,680000
STU0384,CIVIL,Female,7.66,94.6,52.1,55.9,61.1,3,Yes,0,Not Placed,0
STU0385,ECE,Male,6.2,77.6,45.2,64.4,83.1,3,Yes,1,Placed,590000
STU0386,IT,Female,7.55,75.9,51.6,44.3,60.6,3,No,1,Placed,530000
STU0387,IT,Male,7.58,68.2,33.9,53.3,68.0,2,No,1,Not Placed,0
STU0388,CIVIL,Female,8.09,73.6,69.2,89.8,63.3,4,Yes,2,Placed,890000
STU0389,AIDS,Male,8.45,75.2,59.8,82.2,80.0,1,No,0,Not Placed,0
STU0390,MECH,Female,8.86,77.7,48.9,47.2,58.8,2,Yes,1,Placed,620000
STU0391,CIVIL,Female,8.09,77.0,66.0,72.0,95.0,3,No,0,Placed,730000
STU0392,EEE,Female,6.25,78.9,71.4,51.0,93.7,1,No,1,Not Placed,0
STU0393,CSE,Male,5.98,80.1,51.2,68.0,71.4,2,No,1,Not Placed,0
STU0394,EEE,Male,7.73,75.3,59.9,63.2,70.3,6,Yes,0,Placed,800000
STU0395,EEE,Male,6.74,77.3,62.9,69.2,90.6,6,Yes,0,Placed,720000
STU0396,CSE,Male,7.0,80.3,84.9,76.1,64.9,1,Yes,1,Placed,770000
STU0397,ECE,Female,8.31,60.2,56.5,54.3,62.5,2,No,2,Not Placed,0
STU0398,IT,Male,7.82,87.1,48.0,67.5,61.2,3,No,1,Placed,660000
STU0399,AIDS,Female,8.71,72.3,65.0,56.7,75.7,1,No,1,Placed,630000
STU0400,AIDS,Female,7.43,84.6,41.8,51.5,64.7,2,Yes,5,Not Placed,0
STU0401,AIDS,Female,7.88,86.4,77.0,51.1,76.9,3,Yes,1,Placed,730000
STU0402,EEE,Male,5.65,67.9,42.8,80.4,58.3,0,No,1,Not Placed,0
STU0403,CIVIL,Male,7.56,68.6,45.5,87.1,59.3,2,No,2,Not Placed,0
STU0404,AIDS,Male,7.49,74.2,53.7,74.0,44.2,2,No,1,Not Placed,0
STU0405,EEE,Female,7.0,72.5,84.9,66.8,62.4,1,No,0,Placed,680000
STU0406,CSE,Female,6.75,81.4,78.4,85.8,74.7,3,Yes,2,Placed,680000
STU0407,IT,Male,7.57,75.3,70.5,58.0,56.6,5,No,0,Placed,600000
STU0408,IT,Male,5.67,80.7,78.6,77.8,78.2,2,Yes,2,Placed,730000
STU0409,IT,Male,6.6,93.6,48.3,66.8,72.3,2,Yes,0,Placed,570000
STU0410,CIVIL,Male,8.74,72.7,47.0,66.7,54.8,1,No,1,Placed,610000
STU0411,CIVIL,Male,6.91,79.1,71.2,74.9,64.1,4,Yes,1,Placed,720000
STU0412,EEE,Female,7.71,74.2,42.8,56.7,77.3,4,Yes,1,Placed,740000
STU0413,CSE,Female,7.28,81.8,64.8,75.9,61.0,4,Yes,1,Placed,780000
STU0414,CIVIL,Male,5.44,92.5,36.4,63.2,68.8,3,No,0,Not Placed,0
STU0415,EEE,Male,8.22,73.4,82.0,54.9,71.5,1,Yes,4,Placed,750000
STU0416,EEE,Female,7.18,79.2,42.7,63.6,71.8,3,No,0,Not Placed,0
STU0417,CSE,Female,7.86,99.2,46.2,71.1,77.7,2,No,1,Placed,720000
STU0418,AIDS,Male,7.99,100.0,54.0,90.0,69.9,1,Yes,2,Placed,750000
STU0419,AIDS,Male,6.91,72.3,91.8,64.9,49.4,0,Yes,0,Placed,600000
STU0420,CSE,Male,7.25,50.0,56.6,63.1,75.2,4,No,0,Not Placed,0
STU0421,IT,Male,7.29,86.5,51.7,67.1,60.9,3,Yes,0,Placed,600000
STU0422,ECE,Male,8.42,73.9,81.5,82.5,61.0,2,No,1,Placed,660000
STU0423,CIVIL,Male,8.8,78.9,65.6,36.0,81.7,1,No,1,Placed,670000
STU0424,AIDS,Male,7.96,60.9,71.3,42.7,65.1,2,No,1,Placed,620000
STU0425,CSE,Male,6.39,74.0,56.0,68.3,62.3,4,No,0,Not Placed,0
STU0426,IT,Female,6.77,83.5,68.6,69.3,71.1,2,Yes,1,Not Placed,0
STU0427,CSE,Female,8.16,76.3,31.2,48.2,58.0,2,No,1,Not Placed,0
STU0428,ECE,Female,6.67,80.5,85.3,53.8,73.8,2,Yes,1,Placed,670000
STU0429,IT,Female,7.62,69.9,63.0,48.4,61.0,0,Yes,0,Not Placed,0
STU0430,ECE,Female,7.06,95.6,56.0,82.8,64.1,1,Yes,3,Not Placed,0
STU0431,MECH,Female,6.72,81.8,56.9,78.0,78.9,1,No,0,Not Placed,0
STU0432,ECE,Female,8.19,92.7,39.6,66.4,74.8,1,No,0,Placed,550000
STU0433,CSE,Male,6.2,67.3,45.3,77.3,64.0,2,No,1,Not Placed,0
STU0434,CSE,Male,8.09,75.6,68.3,90.8,72.4,2,Yes,1,Placed,930000
STU0435,EEE,Male,6.14,87.4,60.7,86.0,59.8,2,Yes,1,Placed,700000
STU0436,MECH,Male,7.14,77.9,70.2,63.7,71.6,0,No,2,Not Placed,0
STU0437,IT,Female,6.79,71.6,60.1,43.5,79.1,2,No,0,Not Placed,0
STU0438,MECH,Female,7.88,62.3,61.2,72.1,83.0,0,Yes,0,Not Placed,0
STU0439,EEE,Female,7.92,92.2,58.8,62.7,73.6,2,No,0,Placed,630000
STU0440,ECE,Female,5.75,75.4,35.8,40.4,77.9,1,No,0,Placed,320000
STU0441,CIVIL,Male,7.03,78.7,49.1,50.0,72.5,5,No,1,Not Placed,0
STU0442,EEE,Male,7.56,71.1,47.5,69.9,71.5,3,No,2,Placed,710000
STU0443,AIDS,Female,6.88,80.7,72.7,80.5,64.9,2,No,0,Placed,690000
STU0444,EEE,Male,6.54,88.4,81.8,62.0,69.5,3,No,2,Not Placed,0
STU0445,IT,Female,7.61,81.4,67.3,48.5,56.0,4,Yes,0,Placed,610000
STU0446,CSE,Female,7.74,81.1,61.5,71.4,83.7,2,No,0,Placed,700000
STU0447,CSE,Male,7.65,82.5,73.8,70.9,76.3,2,No,0,Placed,670000
STU0448,AIDS,Male,6.78,71.4,25.0,73.5,81.0,5,No,1,Not Placed,0
STU0449,CIVIL,Female,7.06,77.2,51.0,78.4,72.9,2,No,1,Placed,640000
STU0450,AIDS,Female,6.79,58.8,71.3,67.0,49.9,2,Yes,1,Not Placed,0
STU0451,CSE,Female,7.47,77.9,49.2,58.3,70.8,2,No,1,Not Placed,0
STU0452,MECH,Female,8.2,89.2,68.4,63.2,76.1,1,No,1,Placed,680000
STU0453,MECH,Male,8.93,77.3,51.6,68.1,64.9,2,Yes,0,Placed,800000
STU0454,CIVIL,Female,5.55,62.4,56.2,57.9,71.9,0,No,0,Not Placed,0
STU0455,ECE,Male,6.07,67.9,58.8,52.3,57.2,1,No,1,Not Placed,0
STU0456,CSE,Male,7.3,75.1,63.2,66.2,68.2,1,No,0,Placed,430000
STU0457,ECE,Female,6.98,87.1,47.4,81.4,43.4,3,No,1,Placed,590000
STU0458,EEE,Female,7.58,70.6,87.5,88.7,83.4,3,Yes,0,Placed,790000
STU0459,AIDS,Female,7.38,78.3,61.4,69.6,76.1,5,Yes,2,Placed,770000
STU0460,MECH,Female,7.71,75.8,82.9,68.9,71.9,2,No,0,Placed,660000
STU0461,ECE,Female,7.21,80.5,65.4,70.0,72.0,1,No,0,Placed,590000
STU0462,CIVIL,Male,6.13,73.6,68.6,69.1,73.8,3,No,1,Not Placed,0
STU0463,EEE,Female,6.72,79.1,74.8,73.6,80.6,0,No,0,Not Placed,0
STU0464,CSE,Female,6.18,84.1,67.3,38.4,66.3,4,No,0,Not Placed,0
STU0465,IT,Female,7.08,67.5,63.9,45.2,61.7,2,Yes,2,Not Placed,0
STU0466,IT,Male,7.52,88.7,47.1,46.4,90.1,0,Yes,1,Placed,520000
STU0467,ECE,Male,7.76,68.7,43.1,36.5,80.7,2,No,0,Not Placed,0
STU0468,ECE,Female,7.02,83.1,61.0,74.5,70.6,2,Yes,1,Placed,730000
STU0469,CSE,Male,7.67,72.8,64.7,64.9,70.8,2,No,0,Placed,620000
STU0470,IT,Male,5.23,68.0,55.4,48.0,55.9,4,Yes,2,Not Placed,0
STU0471,IT,Male,7.13,90.0,36.3,63.1,94.2,2,Yes,2,Placed,660000
STU0472,IT,Female,6.81,59.6,57.0,80.7,65.1,2,No,0,Placed,590000
STU0473,CIVIL,Male,8.11,70.0,87.5,64.4,67.7,2,No,1,Placed,690000
STU0474,CSE,Male,7.83,63.0,77.5,83.5,65.3,0,Yes,1,Placed,870000
STU0475,EEE,Male,6.78,80.9,62.7,82.5,63.7,0,No,1,Not Placed,0
STU0476,AIDS,Female,7.81,76.1,69.6,71.0,62.5,3,No,1,Placed,840000
STU0477,ECE,Male,7.8,60.6,98.0,70.8,66.0,2,Yes,1,Placed,800000
STU0478,CIVIL,Male,5.5,92.5,57.2,73.4,53.2,4,No,1,Placed,480000
STU0479,AIDS,Male,6.7,89.3,84.5,59.3,81.1,5,No,1,Not Placed,0
STU0480,CSE,Male,8.37,71.1,75.2,61.8,81.2,1,Yes,1,Placed,640000
STU0481,CSE,Female,6.7,86.0,69.1,60.9,70.3,2,Yes,0,Not Placed,0
STU0482,EEE,Female,6.25,66.5,65.3,70.4,71.7,2,No,1,Placed,580000
STU0483,ECE,Male,7.27,77.5,38.9,59.2,66.8,3,Yes,3,Not Placed,0
STU0484,CSE,Female,6.53,75.9,55.7,58.0,75.8,2,No,0,Placed,450000
STU0485,CSE,Female,7.91,69.9,30.9,61.0,66.2,6,No,3,Placed,670000
STU0486,CSE,Male,7.42,84.1,55.3,68.3,82.9,2,Yes,0,Placed,690000
STU0487,MECH,Female,7.22,64.4,91.0,84.4,59.0,1,No,1,Placed,790000
STU0488,ECE,Female,6.53,88.7,75.8,73.6,81.7,2,Yes,0,Placed,730000
STU0489,CIVIL,Male,7.48,86.6,67.7,50.4,49.5,3,No,0,Not Placed,0
STU0490,MECH,Male,6.78,97.2,79.1,56.4,98.0,2,Yes,0,Placed,620000
STU0491,AIDS,Female,8.34,68.6,68.5,46.4,69.7,3,No,1,Placed,710000
STU0492,IT,Male,7.3,62.3,58.1,86.8,67.8,1,No,0,Placed,650000
STU0493,ECE,Male,9.31,78.3,47.8,57.6,56.6,6,No,0,Placed,900000
STU0494,MECH,Male,7.04,68.5,53.0,53.2,81.2,3,No,2,Not Placed,0
STU0495,IT,Male,7.47,66.5,41.7,60.4,64.2,1,Yes,0,Placed,560000
STU0496,EEE,Male,6.45,87.5,44.9,62.1,52.2,2,No,0,Placed,510000
STU0497,AIDS,Female,7.43,74.3,35.9,42.8,70.8,0,Yes,1,Not Placed,0
STU0498,CSE,Male,6.74,81.0,66.9,52.1,52.5,0,No,1,Not Placed,0
STU0499,IT,Male,6.93,82.3,44.7,76.6,57.9,0,No,0,Placed,480000
STU0500,AIDS,Female,7.75,77.5,67.1,44.3,71.8,2,No,0,Placed,620000
STU0501,CIVIL,Female,7.67,83.0,39.7,65.3,67.2,1,Yes,1,Placed,570000
STU0502,MECH,Male,8.32,58.4,60.7,44.6,65.9,0,No,2,Not Placed,0
STU0503,MECH,Male,7.9,91.4,44.6,89.3,57.5,4,No,1,Placed,760000
STU0504,MECH,Male,7.03,81.1,25.0,59.7,69.0,3,No,1,Placed,470000
STU0505,AIDS,Male,7.88,63.4,45.2,46.1,66.8,0,Yes,0,Placed,610000
STU0506,CSE,Female,6.52,80.1,64.5,73.2,69.1,2,Yes,1,Placed,550000
STU0507,ECE,Male,7.38,92.9,63.1,75.2,53.9,1,Yes,1,Not Placed,0
STU0508,CSE,Male,7.87,77.6,70.0,50.2,71.7,1,Yes,1,Placed,640000
STU0509,EEE,Female,6.92,70.9,64.6,62.8,63.5,0,No,2,Not Placed,0
STU0510,EEE,Female,5.85,78.9,46.2,74.9,45.2,6,Yes,2,Not Placed,0
STU0511,AIDS,Male,6.96,68.3,74.4,70.0,72.8,3,No,2,Placed,740000
STU0512,CIVIL,Female,6.11,95.8,58.7,77.5,67.2,2,Yes,1,Not Placed,0
STU0513,CSE,Female,5.86,78.2,57.1,74.5,65.0,4,No,0,Placed,430000
STU0514,IT,Male,6.58,80.1,64.7,77.6,73.1,2,Yes,1,Not Placed,0
STU0515,ECE,Male,7.58,92.5,68.2,80.6,65.3,2,No,0,Placed,750000
STU0516,AIDS,Male,7.48,87.9,61.2,73.6,63.8,3,Yes,0,Placed,650000
STU0517,CSE,Male,7.58,88.5,56.9,72.8,77.5,1,Yes,0,Placed,730000
STU0518,ECE,Female,7.03,74.6,73.3,70.9,67.3,2,Yes,0,Placed,670000
STU0519,AIDS,Female,8.4,80.1,76.3,56.6,76.0,1,Yes,0,Placed,700000
STU0520,EEE,Female,6.48,90.2,68.6,51.2,71.1,3,Yes,2,Not Placed,0
STU0521,AIDS,Male,6.31,78.4,59.4,92.5,82.1,1,Yes,1,Placed,660000
STU0522,ECE,Male,7.22,91.7,57.7,45.8,88.6,3,No,0,Placed,430000
STU0523,AIDS,Female,6.1,90.7,37.6,71.2,55.4,4,No,0,Placed,540000
STU0524,CSE,Male,6.87,85.0,86.9,61.3,79.6,0,Yes,0,Placed,500000
STU0525,CSE,Female,7.45,83.6,48.2,70.4,65.8,3,No,0,Not Placed,0
STU0526,MECH,Female,7.22,66.3,72.5,82.1,58.6,2,No,2,Not Placed,0
STU0527,EEE,Male,8.37,76.6,71.2,47.4,77.6,3,Yes,0,Placed,700000
STU0528,ECE,Male,6.93,81.4,61.4,62.4,80.4,3,Yes,0,Placed,550000
STU0529,MECH,Male,7.96,80.1,85.0,59.0,51.2,4,No,0,Placed,650000
STU0530,EEE,Female,6.19,72.4,52.2,64.6,55.3,1,No,1,Not Placed,0
STU0531,ECE,Male,7.19,78.1,62.7,72.7,56.3,4,No,0,Placed,640000
STU0532,IT,Male,8.01,90.6,48.7,64.5,65.5,1,No,3,Placed,630000
STU0533,CSE,Female,8.36,71.9,45.4,62.3,69.2,0,No,0,Not Placed,0
STU0534,ECE,Male,7.31,71.7,49.3,52.2,66.6,4,No,1,Not Placed,0
STU0535,ECE,Male,6.81,76.8,92.5,78.1,80.4,4,Yes,2,Placed,870000
STU0536,IT,Female,6.13,84.9,84.0,77.1,66.9,3,No,0,Placed,630000
STU0537,EEE,Female,8.4,94.0,38.3,36.5,60.1,2,Yes,2,Placed,490000
STU0538,MECH,Male,7.82,86.0,73.4,57.5,60.0,4,No,3,Not Placed,0
STU0539,CIVIL,Female,6.21,100.0,56.8,52.7,78.6,1,Yes,1,Not Placed,0
STU0540,MECH,Female,8.71,79.9,51.4,64.3,56.1,1,Yes,1,Placed,730000
STU0541,CIVIL,Male,6.73,77.7,55.3,81.0,71.1,2,No,2,Placed,650000
STU0542,ECE,Female,6.01,69.0,88.1,80.0,73.5,3,Yes,0,Placed,820000
STU0543,AIDS,Female,7.66,67.7,69.9,52.8,63.0,1,No,2,Not Placed,0
STU0544,EEE,Male,7.24,81.2,52.5,52.3,53.8,0,Yes,2,Placed,540000
STU0545,IT,Female,8.04,68.9,52.3,80.3,59.4,1,No,0,Placed,720000
STU0546,AIDS,Male,6.95,84.3,51.3,70.5,59.2,0,No,1,Placed,490000
STU0547,ECE,Male,6.36,67.5,54.1,68.8,74.7,1,No,0,Not Placed,0
STU0548,CSE,Male,5.93,78.8,75.7,50.1,73.6,3,No,0,Placed,500000
STU0549,CSE,Male,7.1,77.8,77.2,72.0,81.8,1,Yes,0,Not Placed,0
STU0550,MECH,Female,6.24,67.9,78.5,47.9,73.4,1,Yes,0,Not Placed,0
STU0551,IT,Female,7.68,69.5,49.8,82.4,54.7,4,Yes,0,Placed,770000
STU0552,ECE,Male,7.47,63.9,67.3,98.0,72.0,2,No,0,Placed,840000
STU0553,MECH,Female,7.89,91.2,72.4,62.2,75.5,4,Yes,4,Placed,720000
STU0554,AIDS,Male,6.4,72.6,53.8,66.6,60.9,1,No,3,Not Placed,0
STU0555,MECH,Female,8.08,62.7,62.8,73.2,55.7,1,Yes,1,Placed,690000
STU0556,CIVIL,Male,6.84,87.0,67.0,61.0,74.4,2,No,1,Not Placed,0
STU0557,AIDS,Female,6.73,68.3,79.1,63.1,76.6,5,No,2,Placed,620000
STU0558,IT,Female,8.14,78.9,36.4,61.8,59.5,3,Yes,1,Placed,570000
STU0559,ECE,Female,7.23,84.9,76.3,70.4,58.9,5,No,0,Placed,620000
STU0560,MECH,Female,8.18,92.2,46.5,57.8,52.8,2,No,1,Not Placed,0
STU0561,CSE,Male,6.94,92.7,54.2,25.0,85.2,1,Yes,1,Placed,420000
STU0562,AIDS,Female,5.76,77.1,45.7,41.8,56.5,3,Yes,1,Not Placed,0
STU0563,EEE,Female,6.74,84.6,70.3,79.9,50.6,6,Yes,0,Placed,810000
STU0564,CIVIL,Male,5.57,91.3,70.8,70.4,73.4,0,Yes,2,Not Placed,0
STU0565,CSE,Male,7.26,62.0,49.4,42.6,41.9,2,No,2,Not Placed,0
STU0566,EEE,Male,8.47,86.6,56.0,67.1,53.7,1,No,0,Placed,730000
STU0567,EEE,Female,8.08,92.3,61.1,88.9,44.2,1,Yes,2,Placed,940000
STU0568,AIDS,Male,5.79,80.9,56.9,78.3,91.3,1,Yes,1,Placed,500000
STU0569,EEE,Male,7.6,73.7,62.7,38.5,54.9,1,Yes,0,Placed,540000
STU0570,CSE,Male,7.69,71.2,48.6,53.1,60.0,1,Yes,2,Placed,600000
STU0571,EEE,Female,7.6,93.0,65.8,80.6,69.9,0,No,1,Placed,710000
STU0572,CSE,Male,7.06,72.8,48.7,84.2,70.8,3,Yes,0,Not Placed,0
STU0573,MECH,Female,7.85,79.7,70.9,77.8,58.1,2,Yes,0,Placed,880000
STU0574,MECH,Male,9.02,91.2,84.6,63.1,57.6,0,Yes,1,Placed,820000
STU0575,IT,Female,8.21,68.5,65.4,57.9,57.6,3,No,1,Placed,780000
STU0576,IT,Male,8.35,78.8,34.3,66.0,73.8,2,Yes,0,Placed,730000
STU0577,ECE,Male,6.94,86.4,55.5,82.1,69.5,3,Yes,2,Not Placed,0
STU0578,ECE,Male,7.72,75.4,60.2,58.8,55.2,1,Yes,0,Placed,690000
STU0579,IT,Female,6.32,79.5,69.5,45.7,71.9,1,No,1,Not Placed,0
STU0580,ECE,Male,6.63,75.4,59.6,71.4,84.9,0,Yes,0,Not Placed,0
STU0581,IT,Female,7.22,83.5,59.4,37.3,58.2,4,Yes,2,Not Placed,0
STU0582,ECE,Female,7.77,96.1,34.7,52.8,74.5,2,Yes,1,Not Placed,0
STU0583,CIVIL,Female,6.09,68.2,45.5,75.9,85.3,1,Yes,3,Not Placed,0
STU0584,IT,Female,7.34,75.9,49.0,74.9,81.3,1,No,0,Placed,690000
STU0585,MECH,Male,8.67,79.9,73.8,73.4,91.9,1,No,1,Placed,660000
STU0586,ECE,Male,6.05,77.3,73.5,60.2,75.3,2,Yes,0,Placed,580000
STU0587,IT,Female,6.87,80.8,69.8,76.9,74.1,2,No,1,Placed,590000
STU0588,CIVIL,Male,8.65,93.8,69.3,29.7,79.0,0,Yes,2,Placed,680000
STU0589,EEE,Female,7.49,72.5,96.5,61.2,67.4,1,No,0,Placed,600000
STU0590,MECH,Male,7.23,84.3,60.3,86.9,76.9,1,No,0,Placed,630000
STU0591,ECE,Female,7.34,86.7,61.3,71.3,75.6,3,No,0,Placed,550000
STU0592,IT,Male,6.72,84.0,52.2,54.3,71.6,3,Yes,0,Placed,590000
STU0593,IT,Male,8.18,67.0,62.7,58.7,58.1,5,No,1,Placed,820000
STU0594,CSE,Female,6.83,80.9,56.0,43.2,48.9,3,No,1,Not Placed,0
STU0595,CIVIL,Male,7.05,64.3,64.8,48.2,63.0,4,Yes,2,Placed,630000
STU0596,EEE,Male,6.69,77.1,66.8,64.4,68.4,4,No,0,Placed,730000
STU0597,CSE,Male,7.8,77.2,64.1,40.5,59.8,3,No,0,Placed,550000
STU0598,CIVIL,Male,6.81,72.1,54.0,57.7,67.9,2,No,0,Placed,500000
STU0599,IT,Female,6.82,70.3,72.8,64.8,81.2,3,No,0,Placed,680000
STU0600,AIDS,Female,7.01,95.0,80.4,51.1,63.0,1,No,1,Placed,560000
STU0601,IT,Female,7.61,76.2,74.6,65.9,69.5,2,No,1,Not Placed,0
STU0602,AIDS,Male,6.12,77.6,66.0,67.5,50.3,3,Yes,1,Placed,620000
STU0603,IT,Male,6.82,92.4,42.5,58.1,83.1,1,Yes,0,Placed,610000
STU0604,CSE,Male,7.43,85.0,41.9,55.7,59.8,4,No,1,Placed,520000
STU0605,ECE,Female,7.63,71.9,64.5,51.1,59.3,5,Yes,0,Placed,730000
STU0606,CIVIL,Female,6.48,70.7,57.0,74.3,68.4,1,Yes,2,Not Placed,0
STU0607,CSE,Female,7.59,84.7,62.0,74.9,72.6,5,No,0,Placed,780000
STU0608,IT,Female,7.6,78.6,65.6,50.5,76.0,2,No,2,Not Placed,0
STU0609,CSE,Male,6.56,59.2,76.0,77.6,96.3,1,Yes,0,Placed,650000
STU0610,CSE,Male,8.1,81.0,41.3,79.0,72.1,0,Yes,0,Placed,570000
STU0611,IT,Male,6.27,79.4,50.7,78.2,74.8,2,Yes,0,Placed,560000
STU0612,CSE,Female,6.36,94.0,83.4,98.0,62.1,3,Yes,1,Placed,900000
STU0613,CSE,Male,7.17,69.3,84.8,72.9,98.0,4,Yes,0,Not Placed,0
STU0614,EEE,Male,7.74,82.1,52.8,64.9,69.7,1,No,1,Placed,650000
STU0615,EEE,Female,7.56,78.2,58.9,52.4,80.0,1,No,2,Not Placed,0
STU0616,MECH,Male,8.49,63.2,43.8,48.9,67.0,2,No,0,Placed,740000
STU0617,CSE,Female,9.12,71.4,56.4,62.5,52.0,2,Yes,1,Placed,760000
STU0618,CIVIL,Female,8.11,73.7,56.3,86.6,56.5,0,Yes,1,Placed,720000
STU0619,CSE,Female,7.58,62.4,67.0,72.3,69.7,0,No,2,Not Placed,0
STU0620,MECH,Female,8.02,91.3,47.4,39.0,58.7,4,No,0,Placed,580000
STU0621,AIDS,Male,8.16,70.1,59.9,78.7,82.9,2,Yes,0,Placed,720000
STU0622,CIVIL,Male,6.22,78.8,78.3,45.3,73.1,1,No,1,Placed,450000
STU0623,ECE,Male,5.45,91.0,64.4,76.6,84.2,1,No,0,Not Placed,0
STU0624,ECE,Male,7.57,75.0,42.4,54.5,75.2,0,Yes,2,Not Placed,0
STU0625,MECH,Female,6.99,83.4,59.1,57.6,94.3,3,No,1,Not Placed,0
STU0626,ECE,Female,7.61,73.8,71.6,75.2,74.0,1,No,1,Not Placed,0
STU0627,CIVIL,Male,8.98,67.4,74.0,65.1,54.2,4,Yes,1,Placed,860000
STU0628,AIDS,Female,7.94,69.4,63.8,48.1,57.5,1,Yes,1,Placed,680000
STU0629,EEE,Female,7.14,80.0,49.1,80.0,76.3,1,Yes,1,Not Placed,0
STU0630,CIVIL,Female,6.51,75.7,60.8,46.7,49.4,2,Yes,1,Placed,570000
STU0631,CSE,Male,8.32,89.1,61.7,74.6,68.7,2,No,0,Placed,730000
STU0632,CSE,Male,5.91,64.9,76.1,62.0,74.2,3,Yes,1,Not Placed,0
STU0633,CSE,Male,6.98,82.5,25.0,67.0,59.9,2,No,1,Not Placed,0
STU0634,ECE,Female,6.65,79.2,75.1,46.1,93.4,1,No,0,Placed,400000
STU0635,ECE,Female,7.91,79.7,62.0,98.0,56.9,2,No,0,Placed,810000
STU0636,EEE,Female,7.22,81.4,47.8,60.5,87.6,3,Yes,0,Placed,620000
STU0637,ECE,Male,6.55,69.5,34.2,50.8,59.4,2,Yes,0,Placed,500000
STU0638,CIVIL,Male,6.67,73.4,83.0,55.3,85.7,1,No,1,Not Placed,0
STU0639,CSE,Female,7.87,82.5,47.2,66.0,63.7,5,No,1,Not Placed,0
STU0640,AIDS,Male,8.66,81.7,41.3,70.1,89.2,2,Yes,1,Placed,670000
STU0641,IT,Male,6.2,89.9,68.2,69.1,46.3,3,No,1,Not Placed,0
STU0642,IT,Male,6.56,63.7,81.5,66.9,69.5,1,No,1,Not Placed,0
STU0643,CIVIL,Male,7.57,96.8,58.9,49.1,60.6,1,No,1,Placed,450000
STU0644,ECE,Male,7.57,92.8,44.1,87.4,48.2,3,Yes,1,Placed,610000
STU0645,MECH,Male,8.21,84.5,49.1,84.3,86.6,5,Yes,1,Placed,900000
STU0646,ECE,Male,6.62,74.6,68.6,40.9,57.7,1,No,0,Not Placed,0
STU0647,MECH,Female,8.06,75.6,47.0,58.3,56.5,0,Yes,1,Placed,550000
STU0648,ECE,Male,7.37,93.3,81.3,82.3,61.6,1,Yes,0,Placed,770000
STU0649,EEE,Male,7.29,97.5,56.5,63.8,60.3,0,Yes,1,Not Placed,0
STU0650,ECE,Female,7.91,88.8,98.0,74.5,75.0,3,Yes,1,Placed,820000
STU0651,ECE,Female,7.01,75.9,64.0,74.8,63.4,3,No,0,Not Placed,0
STU0652,AIDS,Male,7.2,72.3,66.3,67.4,48.1,3,Yes,2,Not Placed,0
STU0653,AIDS,Male,6.11,87.3,75.8,86.3,66.0,4,No,0,Placed,720000
STU0654,AIDS,Male,6.71,73.6,52.3,91.9,76.1,4,Yes,0,Placed,680000
STU0655,ECE,Male,7.62,78.8,47.7,49.8,76.9,1,Yes,0,Not Placed,0
STU0656,MECH,Female,6.78,75.8,74.9,67.9,44.6,0,No,0,Placed,490000
STU0657,ECE,Male,7.86,86.1,40.8,71.8,71.5,3,No,2,Placed,680000
STU0658,CSE,Male,7.47,89.0,76.6,95.4,52.6,3,Yes,2,Placed,890000
STU0659,IT,Male,5.91,79.5,36.4,57.8,62.7,1,Yes,1,Not Placed,0
STU0660,IT,Male,6.73,69.6,86.8,92.9,54.3,2,Yes,3,Placed,810000
STU0661,EEE,Male,6.45,83.8,64.2,46.9,78.3,1,Yes,1,Placed,430000
STU0662,CIVIL,Female,8.04,83.4,43.6,79.1,72.6,1,Yes,0,Placed,760000
STU0663,AIDS,Female,9.21,86.2,67.5,89.3,83.5,4,No,0,Placed,890000
STU0664,CSE,Male,8.02,69.0,83.8,87.2,73.8,4,No,2,Placed,900000
STU0665,MECH,Male,7.96,64.4,39.1,65.6,51.5,1,No,1,Placed,470000
STU0666,CSE,Male,8.27,70.0,65.4,62.5,63.8,0,No,2,Placed,650000
STU0667,CSE,Male,6.91,75.4,69.8,98.0,43.3,1,No,1,Not Placed,0
STU0668,AIDS,Female,7.79,88.9,57.7,61.4,58.1,0,No,1,Not Placed,0
STU0669,CSE,Male,6.7,72.7,58.1,38.8,70.6,2,No,0,Not Placed,0
STU0670,CSE,Male,5.5,74.0,58.1,64.0,56.7,1,Yes,1,Not Placed,0
STU0671,EEE,Male,6.17,75.5,57.6,70.1,58.8,4,No,0,Not Placed,0
STU0672,CSE,Female,7.15,69.1,68.2,45.6,52.7,2,No,0,Not Placed,0
STU0673,CIVIL,Female,6.87,75.8,83.4,72.2,64.3,2,Yes,0,Not Placed,0
STU0674,EEE,Male,7.34,85.4,56.3,35.8,70.6,3,Yes,0,Placed,630000
STU0675,ECE,Female,6.08,65.4,39.6,48.7,61.4,0,No,1,Not Placed,0
STU0676,ECE,Female,6.51,84.9,51.4,41.5,70.6,3,No,1,Not Placed,0
STU0677,EEE,Female,7.6,74.4,74.2,72.3,37.3,2,No,1,Not Placed,0
STU0678,EEE,Female,7.54,61.6,78.9,73.6,57.1,2,Yes,0,Not Placed,0
STU0679,ECE,Male,8.09,86.5,41.7,42.5,77.0,0,No,0,Placed,460000
STU0680,AIDS,Male,6.91,69.3,60.4,61.3,85.8,2,Yes,0,Not Placed,0
STU0681,IT,Female,6.54,83.0,56.0,79.9,78.3,1,Yes,0,Not Placed,0
STU0682,ECE,Male,7.31,61.5,86.1,64.8,49.6,1,Yes,1,Placed,740000
STU0683,IT,Male,8.0,81.3,27.7,91.3,68.4,1,No,1,Not Placed,0
STU0684,CSE,Male,7.42,73.1,55.5,46.7,74.6,0,Yes,1,Not Placed,0
STU0685,ECE,Male,6.42,74.8,36.8,53.6,69.9,1,No,2,Not Placed,0
STU0686,ECE,Male,8.16,60.0,66.3,81.4,53.6,0,Yes,1,Not Placed,0
STU0687,IT,Female,7.15,71.5,82.9,62.6,64.6,0,No,0,Placed,650000
STU0688,ECE,Male,5.59,79.9,59.1,48.5,78.8,2,No,0,Not Placed,0
STU0689,IT,Male,6.46,77.4,74.1,53.4,54.1,2,Yes,0,Placed,520000
STU0690,ECE,Female,7.17,80.0,40.7,68.1,53.3,5,Yes,2,Placed,730000
STU0691,CSE,Female,7.61,86.6,57.1,78.2,71.2,2,Yes,0,Placed,690000
STU0692,EEE,Female,7.28,84.8,72.0,61.4,81.2,1,Yes,2,Not Placed,0
STU0693,ECE,Male,6.6,66.4,49.1,65.3,64.5,1,No,1,Not Placed,0
STU0694,CSE,Female,6.53,86.5,42.8,80.7,76.1,2,No,0,Placed,600000
STU0695,MECH,Female,7.71,78.1,55.9,55.2,68.4,3,No,0,Not Placed,0
STU0696,CSE,Male,7.21,87.7,79.6,66.0,57.8,3,Yes,0,Placed,660000
STU0697,CSE,Female,5.86,74.3,40.1,52.2,56.3,3,No,0,Not Placed,0
STU0698,CSE,Female,7.4,68.5,96.9,65.3,49.3,2,No,0,Placed,780000
STU0699,CSE,Male,6.67,82.1,60.8,76.5,71.1,1,No,2,Placed,520000
STU0700,IT,Male,5.79,100.0,25.0,46.4,72.3,3,No,0,Not Placed,0
STU0701,CSE,Male,6.17,83.4,66.6,52.3,44.6,3,Yes,0,Not Placed,0
STU0702,MECH,Male,5.52,77.4,43.0,73.6,69.0,4,No,0,Not Placed,0
STU0703,CSE,Male,8.64,68.6,69.7,57.6,76.6,5,No,0,Placed,720000
STU0704,AIDS,Female,7.31,87.5,36.7,78.6,58.9,1,No,1,Placed,480000
STU0705,ECE,Male,8.23,74.7,72.0,61.9,66.6,1,Yes,0,Placed,740000
STU0706,IT,Male,6.11,71.4,55.6,62.5,67.8,2,No,2,Not Placed,0
STU0707,CIVIL,Male,7.44,69.9,60.2,50.7,88.5,4,Yes,1,Placed,510000
STU0708,IT,Female,5.62,100.0,54.7,71.1,78.2,0,Yes,0,Placed,520000
STU0709,EEE,Male,7.12,75.2,76.0,79.5,97.9,3,No,1,Placed,690000
STU0710,ECE,Male,7.56,73.8,41.4,66.3,65.7,1,Yes,0,Placed,620000
STU0711,CIVIL,Male,7.01,86.3,36.0,88.1,73.2,2,Yes,1,Placed,660000
STU0712,IT,Male,7.17,70.0,82.8,82.7,70.8,0,Yes,0,Placed,830000
STU0713,AIDS,Male,7.14,80.0,37.4,68.5,84.8,0,No,1,Not Placed,0
STU0714,CSE,Female,5.88,89.0,60.3,51.7,82.5,1,No,1,Not Placed,0
STU0715,IT,Female,8.25,95.3,94.4,78.9,71.7,2,Yes,0,Placed,890000
STU0716,EEE,Male,8.15,81.0,79.4,25.4,75.9,2,Yes,0,Placed,510000
STU0717,ECE,Male,7.01,85.4,85.7,74.3,75.6,2,No,0,Placed,800000
STU0718,ECE,Female,7.62,67.0,48.6,77.6,73.4,2,No,0,Not Placed,0
STU0719,CSE,Male,8.18,80.7,47.2,43.3,51.2,2,No,1,Not Placed,0
STU0720,EEE,Male,7.47,84.2,90.6,56.1,71.4,1,No,0,Placed,710000
STU0721,ECE,Male,6.67,70.9,53.8,56.3,76.9,2,No,1,Not Placed,0
STU0722,CIVIL,Male,6.82,74.2,51.4,76.1,60.5,0,No,1,Not Placed,0
STU0723,EEE,Female,6.0,82.4,87.1,62.4,71.3,2,Yes,1,Not Placed,0
STU0724,MECH,Female,7.15,68.0,83.0,86.5,59.8,2,Yes,0,Placed,850000
STU0725,ECE,Male,8.42,82.5,46.1,56.5,63.6,2,Yes,0,Placed,640000
STU0726,ECE,Male,6.25,76.6,41.8,63.4,72.2,2,Yes,0,Placed,630000
STU0727,IT,Male,6.54,84.0,66.2,78.7,77.7,1,No,3,Not Placed,0
STU0728,CIVIL,Male,7.33,82.0,56.9,78.7,73.5,3,No,0,Placed,620000
STU0729,AIDS,Female,6.51,84.1,90.9,56.6,70.8,2,Yes,0,Not Placed,0
STU0730,MECH,Male,6.22,63.3,54.0,60.3,84.5,4,No,1,Not Placed,0
STU0731,CSE,Male,8.39,84.0,68.4,46.3,56.8,2,Yes,1,Placed,500000
STU0732,IT,Female,7.02,92.5,56.7,73.6,54.4,0,No,3,Placed,540000
STU0733,EEE,Male,6.85,79.1,66.1,85.1,88.2,1,Yes,1,Placed,590000
STU0734,MECH,Female,7.55,69.8,53.0,64.0,65.2,3,No,0,Not Placed,0
STU0735,MECH,Male,8.38,91.4,43.8,49.5,60.9,4,Yes,1,Placed,680000
STU0736,EEE,Male,7.53,70.8,48.5,72.1,73.7,0,No,1,Not Placed,0
STU0737,ECE,Female,6.87,78.1,52.8,71.6,86.0,2,Yes,1,Placed,620000
STU0738,EEE,Male,7.66,74.4,32.9,72.3,66.7,4,Yes,2,Placed,660000
STU0739,EEE,Male,8.01,64.8,33.7,88.1,55.8,1,No,1,Not Placed,0
STU0740,CSE,Male,7.71,77.2,51.4,51.0,54.4,2,No,2,Not Placed,0
STU0741,ECE,Male,6.66,71.8,48.3,69.2,75.0,2,Yes,2,Placed,640000
STU0742,CIVIL,Male,7.53,87.2,35.9,64.1,65.5,1,Yes,1,Placed,600000
STU0743,CIVIL,Female,7.52,88.1,81.2,77.6,77.7,2,No,1,Placed,730000
STU0744,AIDS,Male,8.09,79.4,78.9,27.1,85.5,3,No,0,Placed,440000
STU0745,IT,Male,6.55,78.4,53.5,77.1,72.2,1,No,1,Not Placed,0
STU0746,ECE,Male,7.17,75.4,78.1,41.0,44.4,0,Yes,1,Not Placed,0
STU0747,CSE,Male,7.55,80.9,42.4,44.8,80.6,2,No,1,Not Placed,0
STU0748,AIDS,Male,7.37,74.4,73.6,66.9,74.5,0,No,1,Not Placed,0
STU0749,AIDS,Female,7.68,53.2,71.8,61.3,46.7,1,No,2,Not Placed,0
STU0750,CSE,Male,6.39,97.3,73.5,60.2,42.9,2,No,2,Not Placed,0
STU0751,CSE,Female,8.51,90.6,63.7,63.9,65.5,0,Yes,1,Placed,710000
STU0752,CSE,Male,8.75,82.4,61.3,63.8,78.5,3,No,1,Placed,720000
STU0753,IT,Male,7.74,93.0,59.6,69.2,78.1,4,No,0,Placed,780000
STU0754,AIDS,Male,8.16,81.9,79.5,55.4,48.2,3,Yes,0,Placed,770000
STU0755,CSE,Male,6.72,100.0,56.8,58.6,64.3,1,Yes,0,Placed,450000
STU0756,AIDS,Female,8.38,72.1,75.9,75.1,81.5,0,No,3,Placed,760000
STU0757,CIVIL,Female,6.95,74.9,57.0,70.9,63.8,2,No,2,Not Placed,0
STU0758,IT,Female,7.7,83.2,61.1,40.9,52.7,0,Yes,0,Placed,410000
STU0759,AIDS,Female,6.57,73.6,50.8,94.0,70.2,4,Yes,3,Placed,730000
STU0760,EEE,Male,7.05,79.5,59.6,86.6,38.6,1,Yes,2,Not Placed,0
STU0761,ECE,Male,7.51,74.6,69.4,57.2,33.7,1,No,0,Placed,580000
STU0762,ECE,Female,7.5,83.0,59.2,65.9,68.7,1,Yes,1,Placed,720000
STU0763,MECH,Male,7.3,75.2,63.1,57.7,57.8,2,No,1,Placed,680000
STU0764,AIDS,Male,7.65,83.3,69.8,47.9,90.1,1,No,1,Placed,370000
STU0765,MECH,Female,8.59,72.8,65.9,80.1,71.8,3,No,2,Placed,790000
STU0766,CSE,Male,8.2,75.4,53.7,59.7,82.6,4,Yes,0,Placed,770000
STU0767,EEE,Male,7.79,89.6,68.6,65.3,74.9,2,Yes,1,Placed,760000
STU0768,CSE,Female,8.01,82.5,63.6,45.7,70.1,2,No,2,Placed,570000
STU0769,EEE,Male,7.72,75.3,44.6,77.5,76.8,2,Yes,1,Placed,670000
STU0770,IT,Female,7.58,77.4,71.3,72.8,73.4,4,No,1,Placed,690000
STU0771,ECE,Male,7.24,72.8,54.2,49.8,54.0,2,No,1,Not Placed,0
STU0772,MECH,Male,7.01,85.0,69.1,74.2,85.0,0,Yes,0,Placed,670000
STU0773,IT,Male,7.89,82.7,43.2,55.6,61.1,3,No,1,Placed,520000
STU0774,IT,Male,7.43,85.7,46.5,70.4,75.6,3,No,0,Placed,600000
STU0775,CIVIL,Female,8.54,94.5,70.3,71.5,55.9,1,No,0,Placed,810000
STU0776,CIVIL,Male,7.28,85.5,89.3,59.3,71.1,6,No,0,Placed,810000
STU0777,ECE,Male,7.43,76.4,49.8,65.1,68.9,4,No,1,Not Placed,0
STU0778,EEE,Male,9.21,85.3,78.8,69.6,55.6,1,No,0,Placed,880000
STU0779,ECE,Female,6.64,81.0,52.5,65.9,65.0,1,Yes,2,Placed,530000
STU0780,CIVIL,Male,6.53,86.5,61.9,66.6,65.6,1,No,1,Not Placed,0
STU0781,EEE,Female,5.79,70.6,71.3,95.4,61.1,5,No,2,Not Placed,0
STU0782,EEE,Male,7.77,80.0,62.6,62.1,83.0,0,No,0,Placed,430000
STU0783,CIVIL,Female,6.29,79.1,50.6,69.3,62.3,2,Yes,2,Not Placed,0
STU0784,IT,Male,6.48,83.4,59.2,62.0,62.0,1,No,2,Placed,320000
STU0785,CIVIL,Female,6.84,69.5,96.2,70.4,69.6,1,No,1,Placed,800000
STU0786,CSE,Female,7.52,78.7,36.3,78.1,64.0,1,Yes,0,Not Placed,0
STU0787,CSE,Male,6.65,92.8,89.4,72.8,62.6,0,Yes,1,Not Placed,0
STU0788,CSE,Male,8.29,72.1,76.2,59.0,55.0,3,No,0,Placed,720000
STU0789,CSE,Female,8.85,79.0,80.2,46.8,84.4,2,No,1,Placed,710000
STU0790,CSE,Male,6.93,65.1,65.2,81.3,62.1,2,Yes,2,Placed,830000
STU0791,ECE,Male,5.88,60.4,34.7,82.4,73.6,0,No,2,Not Placed,0
STU0792,MECH,Male,8.18,90.2,57.3,72.0,80.9,1,No,0,Not Placed,0
STU0793,MECH,Male,8.11,69.6,34.7,26.0,71.8,2,No,0,Placed,300000
STU0794,CIVIL,Female,6.86,67.1,77.6,67.7,68.5,1,No,0,Not Placed,0
STU0795,EEE,Female,8.4,92.0,54.8,62.9,68.2,1,No,0,Placed,710000
STU0796,EEE,Male,6.81,59.6,77.4,71.6,46.6,5,Yes,1,Placed,870000
STU0797,MECH,Male,9.31,83.1,67.6,54.1,48.4,3,No,1,Placed,630000
STU0798,MECH,Male,8.95,88.3,63.4,68.7,48.9,4,Yes,3,Placed,880000
STU0799,EEE,Male,5.86,80.6,54.5,66.8,72.9,4,No,1,Placed,460000
STU0800,MECH,Female,8.27,71.9,77.5,54.6,93.0,1,Yes,1,Placed,670000
STU0801,MECH,Female,5.0,76.9,74.5,71.4,67.1,3,Yes,2,Not Placed,0
STU0802,ECE,Male,5.64,72.9,68.6,57.2,63.2,4,Yes,3,Not Placed,0
STU0803,MECH,Female,7.97,89.0,45.2,66.2,61.4,2,No,1,Placed,560000
STU0804,EEE,Male,7.31,69.4,47.3,54.5,67.7,6,Yes,0,Not Placed,0
STU0805,ECE,Male,7.62,75.7,90.3,68.2,63.8,1,Yes,1,Placed,780000
STU0806,ECE,Male,7.28,84.5,62.5,64.9,75.9,3,No,1,Not Placed,0
STU0807,EEE,Male,6.62,57.3,67.7,41.4,55.5,1,Yes,1,Not Placed,0
STU0808,AIDS,Male,6.29,59.9,63.3,58.8,50.4,3,No,0,Placed,530000
STU0809,MECH,Female,7.42,63.1,58.0,53.6,71.7,0,No,0,Not Placed,0
STU0810,MECH,Male,7.39,92.9,41.9,50.8,91.4,0,No,3,Not Placed,0
STU0811,MECH,Male,8.1,92.0,91.3,67.9,63.2,1,No,2,Placed,750000
STU0812,MECH,Male,7.04,90.5,69.7,42.1,55.7,1,No,0,Placed,420000
STU0813,IT,Male,7.23,76.0,73.4,68.3,71.8,1,Yes,0,Placed,700000
STU0814,IT,Male,6.48,80.2,74.8,59.9,66.6,1,No,0,Placed,600000
STU0815,MECH,Female,5.72,76.6,69.9,52.2,53.4,1,No,0,Not Placed,0
STU0816,CSE,Female,6.75,81.1,52.2,71.9,64.0,5,Yes,0,Placed,770000
STU0817,IT,Female,7.53,68.2,71.2,57.7,87.1,5,Yes,0,Placed,720000
STU0818,AIDS,Male,7.09,74.4,75.5,89.1,64.6,2,Yes,0,Placed,840000
STU0819,EEE,Male,7.43,75.4,73.9,83.3,66.7,1,Yes,1,Placed,750000
STU0820,ECE,Female,7.58,87.5,63.5,46.7,63.6,1,Yes,2,Placed,700000
STU0821,CSE,Male,7.33,75.3,65.8,51.9,66.6,4,No,0,Placed,620000
STU0822,IT,Female,7.98,88.4,62.2,64.4,73.0,0,Yes,0,Placed,770000
STU0823,IT,Female,6.97,54.4,50.8,55.3,98.0,0,Yes,1,Placed,430000
STU0824,AIDS,Male,7.75,89.1,38.9,36.2,83.7,2,Yes,0,Placed,450000
STU0825,AIDS,Female,7.51,79.0,77.4,78.2,83.2,1,Yes,0,Placed,680000
STU0826,EEE,Male,8.36,68.0,58.9,64.7,71.0,3,No,0,Placed,670000
STU0827,ECE,Male,7.33,100.0,53.5,60.5,60.3,2,No,2,Not Placed,0
STU0828,CSE,Male,6.1,83.4,55.8,53.0,60.9,0,No,0,Placed,450000
STU0829,ECE,Male,7.13,76.4,67.7,42.5,83.3,4,No,0,Placed,430000
STU0830,MECH,Male,8.12,67.2,55.7,66.3,58.9,0,No,1,Placed,580000
STU0831,CSE,Male,8.88,78.0,56.0,75.4,53.2,1,Yes,1,Placed,760000
STU0832,CSE,Female,6.74,72.7,45.7,59.8,81.1,0,Yes,1,Placed,590000
STU0833,EEE,Male,8.32,86.1,69.9,50.6,76.4,5,Yes,3,Not Placed,0
STU0834,EEE,Male,8.8,78.2,70.9,55.0,60.5,0,Yes,0,Placed,690000
STU0835,CIVIL,Male,8.41,75.6,47.4,59.2,77.6,3,No,0,Placed,600000
STU0836,IT,Male,7.71,81.5,80.7,47.3,63.2,4,No,2,Not Placed,0
STU0837,AIDS,Male,7.7,70.3,60.6,53.4,62.7,2,Yes,0,Placed,540000
STU0838,EEE,Female,6.79,69.1,58.6,54.5,67.0,3,No,1,Not Placed,0
STU0839,IT,Male,6.24,97.3,64.0,38.3,66.1,2,No,0,Not Placed,0
STU0840,CSE,Female,6.93,100.0,52.5,48.1,64.2,2,No,2,Placed,420000
STU0841,CSE,Female,6.19,69.3,88.7,70.1,78.1,1,Yes,2,Placed,670000
STU0842,EEE,Male,7.14,76.6,67.2,26.9,67.7,4,Yes,0,Not Placed,0
STU0843,CIVIL,Male,7.9,93.8,61.2,59.5,53.2,4,Yes,1,Placed,680000
STU0844,ECE,Female,8.23,77.1,40.7,62.5,75.1,3,No,1,Placed,610000
STU0845,EEE,Female,6.29,76.9,62.2,65.8,62.5,3,No,1,Not Placed,0
STU0846,ECE,Male,6.06,69.8,31.2,63.5,47.8,3,No,0,Not Placed,0
STU0847,IT,Male,8.43,78.8,40.6,51.4,54.6,1,Yes,0,Not Placed,0
STU0848,AIDS,Female,6.96,77.2,55.6,72.7,70.4,1,Yes,0,Not Placed,0
STU0849,CSE,Male,7.1,66.7,41.4,43.0,78.3,3,No,0,Placed,420000
STU0850,ECE,Female,8.67,67.8,61.4,71.9,47.5,3,No,0,Placed,750000
STU0851,ECE,Female,7.8,76.9,77.1,48.9,89.0,4,Yes,0,Placed,750000
STU0852,AIDS,Female,6.42,82.8,59.0,63.8,59.1,1,Yes,1,Placed,600000
STU0853,AIDS,Male,8.91,72.7,53.9,78.1,64.3,2,No,1,Placed,730000
STU0854,ECE,Male,7.71,85.0,66.8,86.7,98.0,3,No,0,Placed,780000
STU0855,IT,Male,6.73,82.5,74.6,74.5,73.0,0,No,1,Not Placed,0
STU0856,CSE,Female,8.24,76.5,72.7,39.1,77.3,1,No,1,Placed,480000
STU0857,CSE,Male,7.12,75.3,75.3,28.2,92.1,2,No,0,Placed,350000
STU0858,CSE,Male,7.62,87.6,62.9,47.3,67.0,0,No,0,Placed,500000
STU0859,ECE,Male,7.61,85.3,54.8,66.8,69.4,1,No,1,Placed,700000
STU0860,CSE,Male,8.15,78.6,57.1,41.0,48.3,1,No,2,Placed,610000
STU0861,MECH,Female,7.74,88.4,69.2,55.6,50.6,2,Yes,0,Placed,760000
STU0862,CSE,Female,6.57,75.2,60.4,62.4,74.3,2,No,2,Not Placed,0
STU0863,MECH,Male,8.52,70.1,62.1,65.3,54.8,1,Yes,1,Placed,820000
STU0864,MECH,Female,7.06,91.6,82.4,57.2,72.5,1,No,0,Placed,600000
STU0865,IT,Male,7.3,76.3,49.6,78.4,60.0,4,No,0,Placed,580000
STU0866,MECH,Female,6.86,70.5,69.3,65.2,63.6,1,Yes,2,Placed,640000
STU0867,ECE,Female,7.68,69.2,58.8,81.6,55.6,6,No,1,Placed,730000
STU0868,AIDS,Female,7.13,82.3,54.6,70.0,79.9,2,Yes,0,Placed,510000
STU0869,CSE,Female,6.69,81.6,58.8,66.7,83.0,3,Yes,2,Placed,630000
STU0870,ECE,Female,7.72,80.6,79.2,49.8,78.0,0,No,3,Not Placed,0
STU0871,ECE,Female,6.03,67.4,63.2,67.4,93.6,2,No,0,Placed,520000
STU0872,EEE,Male,7.14,85.9,42.4,64.7,52.4,0,Yes,1,Placed,490000
STU0873,AIDS,Male,6.39,70.4,30.4,75.7,83.1,1,No,1,Placed,670000
STU0874,IT,Male,5.12,75.0,57.4,45.8,71.1,1,No,2,Not Placed,0
STU0875,CSE,Male,6.86,61.6,76.3,70.5,60.2,1,Yes,1,Not Placed,0
STU0876,EEE,Male,8.95,87.2,48.4,77.2,65.0,1,No,1,Placed,630000
STU0877,MECH,Male,8.78,89.1,66.5,92.0,63.3,3,No,0,Placed,800000
STU0878,EEE,Female,7.49,74.4,70.8,90.6,61.7,2,Yes,2,Not Placed,0
STU0879,MECH,Male,5.75,79.8,43.5,43.2,73.9,3,Yes,1,Not Placed,0
STU0880,CSE,Male,5.89,75.7,73.8,33.2,82.1,2,No,0,Placed,410000
STU0881,ECE,Male,7.78,79.4,75.3,79.7,57.8,1,No,1,Placed,880000
STU0882,IT,Female,7.65,71.5,66.1,61.7,65.5,2,No,0,Placed,660000
STU0883,EEE,Female,5.42,95.6,61.0,30.5,83.5,2,No,2,Not Placed,0
STU0884,AIDS,Female,7.87,68.1,83.3,73.7,69.6,4,Yes,0,Placed,950000
STU0885,IT,Female,8.72,81.0,54.9,70.7,49.0,1,No,0,Placed,610000
STU0886,IT,Female,7.05,84.0,44.5,88.9,76.6,3,No,0,Placed,640000
STU0887,CSE,Male,6.34,83.1,58.0,65.9,66.8,0,No,1,Not Placed,0
STU0888,IT,Male,6.07,74.5,63.2,42.8,71.7,5,Yes,0,Placed,540000
STU0889,CIVIL,Female,7.27,90.4,76.9,74.0,68.2,5,Yes,0,Placed,800000
STU0890,CIVIL,Male,6.68,92.6,58.2,87.7,57.9,5,Yes,0,Placed,740000
STU0891,CSE,Female,6.68,72.7,79.6,71.3,69.0,5,Yes,1,Placed,930000
STU0892,ECE,Male,8.7,78.6,45.9,62.0,62.7,3,No,0,Placed,650000
STU0893,MECH,Female,6.97,91.5,69.0,78.0,73.2,2,Yes,0,Placed,710000
STU0894,MECH,Male,8.17,88.2,68.7,53.7,86.9,6,Yes,0,Placed,820000
STU0895,AIDS,Male,6.89,77.9,70.6,58.2,46.6,0,No,2,Not Placed,0
STU0896,EEE,Male,7.46,77.8,63.3,74.5,55.2,3,Yes,0,Placed,750000
STU0897,EEE,Female,9.48,89.8,61.0,32.5,69.7,0,Yes,1,Placed,550000
STU0898,ECE,Male,7.37,81.7,62.7,71.5,88.1,2,No,1,Placed,610000
STU0899,ECE,Male,6.68,82.8,49.6,73.2,73.9,2,Yes,1,Placed,530000
STU0900,AIDS,Female,7.12,94.3,75.8,59.8,66.8,1,No,0,Placed,610000
STU0901,IT,Female,7.44,89.8,50.5,84.7,86.2,2,No,0,Placed,680000
STU0902,IT,Male,6.7,79.1,31.9,84.3,51.3,1,No,0,Not Placed,0
STU0903,CSE,Male,8.62,75.9,61.8,71.8,60.5,3,Yes,1,Placed,940000
STU0904,IT,Male,6.83,66.4,62.8,51.5,67.2,1,Yes,1,Not Placed,0
STU0905,CIVIL,Female,6.91,80.0,62.5,59.7,82.1,1,Yes,1,Placed,650000
STU0906,CSE,Male,8.29,68.8,54.8,55.0,61.7,0,No,0,Placed,470000
STU0907,CIVIL,Male,7.36,82.3,70.2,75.1,68.4,2,Yes,1,Placed,690000
STU0908,ECE,Male,5.59,78.5,64.3,74.0,72.9,3,No,1,Not Placed,0
STU0909,AIDS,Female,7.38,71.6,60.2,57.7,63.1,3,No,3,Placed,600000
STU0910,MECH,Female,7.7,76.7,60.5,51.5,60.6,1,No,0,Not Placed,0
STU0911,MECH,Female,7.25,95.7,35.2,56.1,61.5,1,No,1,Placed,540000
STU0912,ECE,Female,6.42,62.9,76.6,58.1,63.3,0,Yes,0,Placed,610000
STU0913,MECH,Female,7.29,67.7,41.5,49.5,63.0,0,Yes,0,Placed,290000
STU0914,CSE,Female,7.83,50.0,52.4,72.2,63.3,1,Yes,0,Placed,660000
STU0915,CIVIL,Male,7.41,86.9,66.1,50.6,44.0,4,No,1,Placed,590000
STU0916,AIDS,Female,8.22,83.1,81.7,60.1,51.8,2,No,1,Not Placed,0
STU0917,ECE,Female,6.81,74.7,56.0,68.4,60.8,4,No,1,Placed,580000
STU0918,EEE,Female,7.58,91.6,48.3,60.5,68.4,2,Yes,0,Placed,540000
STU0919,CIVIL,Male,5.61,77.7,54.9,69.7,66.6,2,No,4,Placed,370000
STU0920,IT,Male,7.36,70.8,76.2,58.4,70.6,1,No,0,Not Placed,0
STU0921,MECH,Female,6.19,68.8,56.0,68.4,80.8,2,No,1,Placed,610000
STU0922,CIVIL,Female,8.17,80.2,66.6,55.9,73.5,1,No,1,Placed,610000
STU0923,IT,Male,7.4,78.9,61.2,49.1,70.0,3,No,0,Placed,530000
STU0924,MECH,Male,5.68,75.5,69.7,65.4,80.0,2,Yes,0,Placed,670000
STU0925,MECH,Male,6.54,93.8,57.7,36.2,49.7,3,No,0,Placed,410000
STU0926,CSE,Male,7.25,72.8,76.5,56.0,58.2,3,No,1,Placed,740000
STU0927,CIVIL,Female,6.4,96.3,50.8,85.0,59.5,1,No,4,Not Placed,0
STU0928,CIVIL,Female,7.38,93.0,43.4,58.0,76.7,3,No,2,Placed,490000
STU0929,CSE,Female,6.54,84.6,74.5,42.9,74.8,4,Yes,1,Placed,540000
STU0930,ECE,Male,5.72,67.5,80.2,70.3,61.2,1,Yes,0,Placed,560000
STU0931,MECH,Male,6.46,70.4,54.7,69.0,81.9,2,No,1,Placed,580000
STU0932,ECE,Male,7.47,72.0,77.4,70.2,75.8,1,No,3,Not Placed,0
STU0933,CIVIL,Female,7.77,71.2,92.2,63.6,48.1,2,No,1,Not Placed,0
STU0934,IT,Male,6.42,82.2,53.1,66.9,72.8,1,Yes,2,Placed,580000
STU0935,CIVIL,Male,7.63,61.0,46.8,80.4,65.3,0,Yes,0,Placed,610000
STU0936,IT,Male,6.33,85.5,52.2,86.3,59.4,2,Yes,0,Placed,670000
STU0937,ECE,Male,7.1,72.3,71.5,52.8,92.1,1,No,0,Placed,580000
STU0938,MECH,Male,6.62,69.8,65.1,83.3,63.0,3,No,1,Placed,590000
STU0939,IT,Male,8.37,83.1,50.8,25.0,64.8,0,Yes,3,Not Placed,0
STU0940,EEE,Male,7.06,71.1,25.0,71.8,59.6,5,Yes,1,Not Placed,0
STU0941,CSE,Female,6.97,81.3,60.2,61.0,64.6,2,No,0,Not Placed,0
STU0942,CSE,Male,7.79,81.7,65.7,76.7,71.6,6,Yes,1,Placed,830000
STU0943,CIVIL,Male,7.42,79.2,44.4,66.9,69.9,3,No,0,Placed,590000
STU0944,AIDS,Female,7.19,82.8,38.6,58.6,77.5,2,Yes,2,Placed,610000
STU0945,ECE,Male,8.06,75.5,65.6,71.3,58.0,2,Yes,1,Placed,790000
STU0946,CSE,Male,7.68,90.8,78.4,73.7,50.1,1,Yes,0,Not Placed,0
STU0947,ECE,Male,5.14,76.3,71.8,66.0,86.7,2,Yes,1,Not Placed,0
STU0948,AIDS,Female,6.61,91.1,56.1,71.1,53.2,3,No,0,Placed,650000
STU0949,AIDS,Male,8.74,79.7,64.0,67.0,47.3,2,Yes,0,Placed,820000
STU0950,MECH,Male,6.32,82.3,43.3,64.5,64.3,1,No,1,Not Placed,0
STU0951,AIDS,Male,8.58,81.0,76.0,68.9,63.4,1,No,3,Placed,700000
STU0952,EEE,Male,7.22,80.9,60.8,48.9,85.2,0,No,0,Not Placed,0
STU0953,CSE,Male,8.15,81.2,49.6,45.4,61.1,2,No,2,Placed,470000
STU0954,AIDS,Male,7.63,74.8,68.7,68.0,73.7,5,No,5,Not Placed,0
STU0955,CSE,Male,6.39,75.0,76.3,60.8,63.1,2,No,0,Not Placed,0
STU0956,CSE,Male,7.3,87.4,65.1,66.5,56.7,0,Yes,2,Not Placed,0
STU0957,ECE,Male,8.05,77.9,52.7,61.4,36.4,2,No,0,Placed,600000
STU0958,CIVIL,Male,7.83,89.2,92.8,62.5,66.1,1,No,4,Not Placed,0
STU0959,IT,Male,7.98,81.0,66.0,50.4,60.4,3,No,1,Placed,570000
STU0960,IT,Female,8.87,72.5,53.9,49.3,67.6,2,No,1,Placed,540000
STU0961,IT,Male,8.18,97.1,66.4,53.3,53.6,0,Yes,2,Placed,590000
STU0962,ECE,Male,7.12,76.1,54.8,64.1,71.9,0,No,2,Not Placed,0
STU0963,MECH,Male,6.14,72.4,40.0,43.2,78.0,6,No,3,Not Placed,0
STU0964,EEE,Male,7.73,91.3,44.9,41.3,68.0,4,Yes,1,Placed,690000
STU0965,CSE,Male,7.14,70.4,72.4,80.8,69.2,0,No,0,Placed,630000
STU0966,IT,Male,7.1,74.7,41.5,56.5,58.1,1,Yes,1,Not Placed,0
STU0967,ECE,Female,6.07,73.9,63.8,75.1,65.8,6,Yes,0,Placed,690000
STU0968,MECH,Male,6.35,79.7,65.5,61.0,66.3,3,Yes,0,Placed,580000
STU0969,AIDS,Female,5.7,95.1,63.9,49.0,73.6,4,No,0,Placed,450000
STU0970,EEE,Female,8.76,77.2,93.1,59.6,61.2,2,Yes,1,Placed,1010000
STU0971,IT,Female,8.1,71.7,67.2,49.6,60.0,1,No,1,Placed,520000
STU0972,AIDS,Female,7.13,78.8,55.2,75.2,82.8,0,Yes,0,Not Placed,0
STU0973,CSE,Male,6.47,84.8,80.0,67.2,58.1,1,Yes,0,Not Placed,0
STU0974,CIVIL,Male,6.96,84.9,59.6,81.5,51.1,2,Yes,1,Placed,730000
STU0975,IT,Male,7.92,77.4,61.7,77.9,72.7,3,Yes,0,Placed,760000
STU0976,AIDS,Male,6.29,92.6,66.4,83.5,52.5,1,Yes,0,Placed,550000
STU0977,CSE,Female,5.96,89.6,58.5,84.8,67.5,0,No,0,Not Placed,0
STU0978,ECE,Female,6.17,85.7,48.7,47.5,55.6,3,Yes,1,Placed,470000
STU0979,CSE,Female,8.82,84.1,52.3,64.0,70.7,2,Yes,2,Placed,780000
STU0980,AIDS,Male,6.69,85.3,67.5,58.8,63.5,2,No,1,Not Placed,0
STU0981,CSE,Male,7.79,67.0,50.2,80.8,56.8,4,No,1,Placed,680000
STU0982,EEE,Male,6.37,75.7,58.3,60.9,46.5,4,No,0,Placed,480000
STU0983,IT,Female,7.22,77.1,48.2,39.2,47.3,0,No,0,Not Placed,0
STU0984,AIDS,Female,8.46,68.8,85.4,73.3,75.5,4,No,0,Not Placed,0
STU0985,MECH,Female,5.98,90.7,36.2,64.3,60.4,4,Yes,0,Placed,510000
STU0986,ECE,Male,8.21,61.3,71.5,65.2,74.7,4,No,0,Placed,890000
STU0987,CSE,Male,6.13,80.9,56.8,38.8,77.9,1,Yes,0,Placed,520000
STU0988,CSE,Male,7.76,81.4,50.4,95.3,56.5,0,Yes,0,Placed,760000
STU0989,EEE,Male,6.67,79.3,63.5,53.6,92.3,5,Yes,0,Placed,640000
STU0990,ECE,Male,8.29,78.5,46.8,59.3,84.4,1,Yes,1,Placed,730000
STU0991,MECH,Male,7.15,65.8,75.7,71.9,63.4,0,Yes,1,Placed,660000
STU0992,EEE,Female,5.5,76.8,61.2,74.2,49.5,5,No,1,Not Placed,0
STU0993,CSE,Male,6.9,71.5,51.7,51.7,56.5,0,No,1,Placed,510000
STU0994,CSE,Male,7.9,76.2,48.8,97.1,64.2,0,No,2,Not Placed,0
STU0995,IT,Male,6.43,68.3,50.4,61.5,56.5,2,Yes,0,Placed,500000
STU0996,EEE,Male,7.58,77.7,45.4,55.9,65.6,2,No,2,Not Placed,0
STU0997,CSE,Female,7.95,90.5,60.9,44.2,68.4,4,No,0,Placed,600000
STU0998,ECE,Male,7.19,67.1,64.4,56.3,63.8,3,No,1,Not Placed,0
STU0999,MECH,Male,6.4,77.0,46.9,81.4,73.3,0,No,2,Not Placed,0
STU1000,ECE,Male,6.63,76.7,47.0,73.2,65.3,3,Yes,0,Placed,620000
STU1001,CSE,Female,6.83,69.1,58.3,59.6,48.4,4,No,0,Placed,410000
STU1002,ECE,Male,9.46,75.2,52.4,89.0,79.0,2,Yes,1,Placed,960000
STU1003,MECH,Female,7.79,72.7,43.6,54.1,66.1,2,No,0,Not Placed,0
STU1004,AIDS,Female,6.48,71.0,82.9,72.1,52.7,2,No,0,Placed,650000
STU1005,AIDS,Female,7.14,69.9,72.8,81.3,72.0,0,Yes,0,Placed,790000
STU1006,CIVIL,Female,6.31,76.6,38.2,77.1,68.1,1,Yes,1,Not Placed,0
STU1007,MECH,Male,9.54,79.1,74.7,49.9,78.0,0,Yes,1,Placed,740000
STU1008,EEE,Female,7.82,86.4,63.9,55.3,62.1,2,Yes,0,Not Placed,0
STU1009,IT,Female,6.78,64.7,43.4,48.6,62.4,0,No,3,Not Placed,0
STU1010,IT,Male,7.83,60.8,69.7,56.5,52.5,2,No,0,Placed,650000
STU1011,EEE,Female,9.8,68.5,36.7,45.3,88.0,1,Yes,0,Placed,680000
STU1012,IT,Female,6.74,73.3,39.4,70.9,71.4,0,Yes,2,Not Placed,0
STU1013,ECE,Female,7.18,82.7,71.2,73.5,61.6,1,Yes,1,Placed,750000
STU1014,EEE,Male,7.19,73.4,50.5,98.0,66.2,4,Yes,0,Not Placed,0
STU1015,CSE,Male,6.63,66.4,65.7,54.8,64.5,1,Yes,1,Not Placed,0
STU1016,IT,Female,6.93,53.3,52.8,54.9,56.7,1,No,1,Not Placed,0
STU1017,CSE,Male,7.22,77.6,50.3,62.9,50.2,3,No,3,Placed,600000
STU1018,CSE,Female,7.52,52.5,67.4,88.1,55.5,1,Yes,1,Not Placed,0
STU1019,AIDS,Male,7.53,87.2,60.7,61.3,87.9,4,No,0,Placed,620000
STU1020,MECH,Female,7.23,82.2,56.8,57.0,52.8,4,No,2,Not Placed,0
STU1021,ECE,Female,5.65,81.8,60.4,51.9,86.6,2,No,2,Not Placed,0
STU1022,CIVIL,Male,7.33,83.2,87.3,60.4,92.8,2,No,1,Placed,680000
STU1023,CSE,Female,7.32,86.4,70.6,51.6,63.0,0,No,3,Placed,600000
STU1024,MECH,Female,6.42,66.4,79.1,56.9,48.9,1,Yes,0,Not Placed,0
STU1025,MECH,Female,6.92,70.7,59.1,46.0,72.5,3,Yes,0,Placed,440000
STU1026,IT,Female,8.48,81.0,80.1,60.5,49.0,3,No,2,Placed,740000
STU1027,IT,Male,6.89,81.2,65.8,62.2,68.7,1,Yes,2,Not Placed,0
STU1028,IT,Male,7.93,72.5,61.5,77.5,56.5,4,No,1,Placed,720000
STU1029,ECE,Male,7.16,90.5,80.3,60.7,45.0,1,Yes,0,Placed,700000
STU1030,CSE,Female,7.78,81.4,45.6,66.7,73.7,2,Yes,0,Placed,670000
STU1031,ECE,Male,7.92,70.5,69.0,69.0,74.6,3,Yes,1,Placed,720000
STU1032,AIDS,Female,7.83,72.1,57.7,84.0,67.6,3,No,0,Placed,720000
STU1033,EEE,Female,6.97,100.0,72.9,74.8,71.5,2,Yes,2,Placed,790000
STU1034,MECH,Female,6.62,82.9,53.1,77.3,71.9,1,No,1,Placed,620000
STU1035,IT,Female,6.25,77.0,43.7,58.1,61.5,2,Yes,0,Not Placed,0
STU1036,AIDS,Female,7.34,64.1,47.1,78.6,64.5,5,No,0,Placed,650000
STU1037,CIVIL,Male,6.05,70.4,45.4,41.6,64.4,0,No,1,Not Placed,0
STU1038,EEE,Male,8.11,78.5,38.6,67.4,76.8,2,No,0,Placed,640000
STU1039,ECE,Female,6.95,61.7,46.7,53.0,77.5,1,No,0,Not Placed,0
STU1040,ECE,Male,6.59,80.8,47.5,49.8,71.6,3,Yes,0,Placed,490000
STU1041,ECE,Male,5.0,67.3,56.1,47.3,90.7,2,No,0,Not Placed,0
STU1042,AIDS,Female,6.03,79.8,79.7,73.1,90.7,3,Yes,1,Placed,660000
STU1043,AIDS,Female,6.33,85.0,73.5,58.6,61.0,2,Yes,1,Not Placed,0
STU1044,CIVIL,Male,7.47,77.7,51.1,83.6,72.8,0,No,1,Not Placed,0
STU1045,AIDS,Male,6.07,67.8,57.0,90.4,61.7,1,No,1,Not Placed,0
STU1046,AIDS,Male,7.03,73.0,46.4,55.6,67.9,2,No,1,Not Placed,0
STU1047,AIDS,Male,6.95,77.4,91.6,65.1,48.6,1,Yes,1,Not Placed,0
STU1048,CSE,Female,6.48,79.8,81.3,25.1,91.4,3,Yes,2,Placed,540000
STU1049,EEE,Male,7.1,79.0,61.5,70.6,44.5,1,Yes,1,Placed,600000
STU1050,EEE,Male,7.55,70.0,42.9,71.8,98.0,1,Yes,1,Not Placed,0
STU1051,CSE,Female,6.03,66.8,25.0,57.7,45.4,3,Yes,2,Not Placed,0
STU1052,EEE,Male,8.05,92.1,48.3,57.5,57.0,1,No,0,Placed,480000
STU1053,ECE,Female,8.51,76.6,55.3,53.0,60.4,2,No,1,Placed,540000
STU1054,MECH,Female,6.65,65.3,55.5,61.9,77.3,4,No,0,Not Placed,0
STU1055,ECE,Female,7.31,68.9,66.5,73.7,70.7,3,No,0,Placed,670000
STU1056,EEE,Female,6.71,68.2,84.3,64.1,76.1,0,No,2,Not Placed,0
STU1057,MECH,Female,8.02,79.0,54.2,55.9,72.7,0,No,0,Not Placed,0
STU1058,IT,Female,6.85,74.3,54.1,72.0,86.3,2,Yes,1,Placed,720000
STU1059,MECH,Female,5.63,83.4,57.9,77.8,46.5,1,No,0,Not Placed,0
STU1060,CSE,Male,6.1,88.5,60.3,51.0,78.7,2,No,0,Placed,410000
STU1061,ECE,Female,6.48,69.0,68.7,66.8,62.1,2,Yes,3,Not Placed,0
STU1062,MECH,Female,7.03,75.3,72.1,59.6,98.0,2,Yes,0,Placed,650000
STU1063,MECH,Female,8.95,64.6,67.0,80.4,79.5,3,No,0,Placed,760000
STU1064,CSE,Male,7.7,78.6,52.8,80.1,45.4,1,Yes,2,Placed,820000
STU1065,IT,Female,7.92,79.7,58.1,50.7,82.8,2,Yes,0,Not Placed,0
STU1066,CSE,Female,7.24,90.7,80.4,62.3,77.1,0,No,0,Not Placed,0
STU1067,AIDS,Male,6.49,63.3,85.7,62.1,55.6,2,Yes,1,Placed,600000
STU1068,MECH,Female,8.72,82.4,40.5,95.3,66.4,2,No,0,Placed,710000
STU1069,MECH,Female,6.63,71.6,54.0,61.0,66.9,3,Yes,0,Placed,630000
STU1070,AIDS,Male,6.35,84.4,64.5,83.4,79.0,1,No,0,Not Placed,0
STU1071,AIDS,Female,7.02,83.0,67.1,44.5,64.5,0,No,2,Not Placed,0
STU1072,CIVIL,Male,6.78,77.4,61.7,73.6,60.9,2,No,1,Not Placed,0
STU1073,IT,Male,7.22,73.4,56.9,88.5,57.0,1,No,1,Placed,720000
STU1074,ECE,Male,8.77,82.4,56.3,49.5,89.2,1,No,0,Placed,610000
STU1075,CSE,Male,6.44,80.6,57.6,63.4,76.9,2,Yes,2,Placed,710000
STU1076,MECH,Female,7.91,82.6,51.4,72.5,72.8,1,No,1,Not Placed,0
STU1077,ECE,Male,7.63,79.5,52.4,69.9,62.9,0,No,0,Placed,640000
STU1078,ECE,Male,6.42,69.6,57.3,62.2,66.7,1,Yes,1,Placed,600000
STU1079,AIDS,Male,7.25,92.4,66.8,95.6,81.2,2,Yes,2,Placed,730000
STU1080,ECE,Male,8.27,71.4,43.8,72.2,68.8,3,Yes,1,Not Placed,0
STU1081,AIDS,Female,7.81,81.8,59.6,64.0,50.2,2,Yes,1,Placed,740000
STU1082,CSE,Female,7.02,83.5,69.0,89.7,68.4,0,No,0,Placed,590000
STU1083,CIVIL,Male,6.21,82.0,48.4,65.6,60.3,0,Yes,2,Placed,450000
STU1084,CSE,Male,6.31,68.4,69.2,70.0,63.3,2,No,1,Not Placed,0
STU1085,CIVIL,Male,7.46,85.4,78.0,43.3,53.4,2,Yes,1,Placed,580000
STU1086,EEE,Male,8.0,87.5,75.2,50.3,87.9,0,No,0,Placed,560000
STU1087,CSE,Female,7.49,82.7,42.1,61.7,75.0,3,Yes,0,Not Placed,0
STU1088,CSE,Female,6.84,100.0,72.7,69.7,56.1,6,Yes,2,Placed,770000
STU1089,ECE,Male,6.75,85.6,80.0,70.5,75.5,1,No,1,Not Placed,0
STU1090,MECH,Female,7.47,71.1,61.5,73.7,80.1,3,No,2,Not Placed,0
STU1091,ECE,Male,7.26,66.7,63.4,56.2,70.7,4,No,0,Placed,570000
STU1092,CIVIL,Female,6.76,78.0,67.8,59.8,84.4,4,No,0,Placed,500000
STU1093,MECH,Female,6.96,76.1,64.6,58.5,62.0,4,No,3,Placed,710000
STU1094,IT,Male,7.87,79.6,37.3,70.5,60.0,6,Yes,0,Placed,670000
STU1095,AIDS,Male,6.3,79.5,73.3,65.1,55.8,2,Yes,0,Not Placed,0
STU1096,EEE,Male,8.5,75.7,70.1,60.6,63.4,3,Yes,1,Placed,890000
STU1097,ECE,Female,6.05,76.6,50.6,81.3,96.8,2,Yes,0,Placed,690000
STU1098,EEE,Female,9.09,82.0,54.7,65.0,76.3,3,No,0,Placed,650000
STU1099,EEE,Female,5.94,70.9,52.2,74.2,72.2,3,Yes,1,Not Placed,0
STU1100,IT,Male,7.47,56.5,54.8,59.6,71.6,0,Yes,1,Placed,710000
STU1101,IT,Female,7.86,84.5,87.1,50.0,45.3,4,No,1,Placed,590000
STU1102,IT,Male,8.55,73.8,72.1,67.9,71.4,3,Yes,1,Placed,750000
STU1103,IT,Male,8.07,71.8,60.8,71.1,72.0,3,No,1,Not Placed,0
STU1104,CIVIL,Female,8.31,81.9,58.0,85.3,65.2,3,Yes,0,Placed,820000
STU1105,CSE,Female,5.96,73.8,86.1,55.7,75.9,2,No,2,Not Placed,0
STU1106,EEE,Female,6.72,78.1,68.0,78.9,54.0,1,No,0,Placed,520000
STU1107,ECE,Male,6.65,84.7,38.8,58.3,60.5,2,No,2,Not Placed,0
STU1108,MECH,Female,7.58,66.0,76.3,94.0,67.7,3,Yes,0,Placed,950000
STU1109,IT,Male,6.8,86.2,57.7,68.1,61.5,1,Yes,3,Not Placed,0
STU1110,MECH,Female,7.59,73.3,45.7,56.7,71.5,1,No,0,Placed,480000
STU1111,CIVIL,Male,7.63,71.7,62.3,68.7,60.6,2,Yes,2,Not Placed,0
STU1112,AIDS,Female,5.0,67.5,67.1,61.1,71.1,0,Yes,0,Placed,520000
STU1113,EEE,Male,7.34,89.6,69.8,70.4,98.0,1,Yes,0,Placed,690000
STU1114,MECH,Female,7.22,87.5,58.2,73.8,61.8,3,No,0,Placed,530000
STU1115,CSE,Female,7.0,73.5,41.0,69.1,58.1,4,No,3,Not Placed,0
STU1116,CSE,Female,6.86,81.8,40.0,49.1,75.9,1,No,1,Not Placed,0
STU1117,ECE,Female,7.13,84.4,46.9,62.4,48.4,3,Yes,3,Not Placed,0
STU1118,AIDS,Male,7.95,62.8,76.3,80.8,72.6,1,Yes,0,Not Placed,0
STU1119,CIVIL,Female,6.43,87.3,60.8,53.3,73.1,0,Yes,1,Not Placed,0
STU1120,EEE,Male,6.45,89.9,41.1,64.2,60.6,2,No,1,Not Placed,0
STU1121,CSE,Male,7.44,80.1,63.0,60.2,81.3,4,No,1,Placed,590000
STU1122,EEE,Male,6.97,81.4,70.1,40.0,76.5,1,No,1,Not Placed,0
STU1123,CSE,Female,6.17,75.8,76.0,40.1,56.4,2,Yes,1,Placed,430000
STU1124,EEE,Male,8.76,72.5,37.3,60.7,59.8,2,No,2,Not Placed,0
STU1125,CSE,Male,7.15,80.5,46.1,58.5,49.0,2,Yes,0,Placed,470000
STU1126,AIDS,Female,6.7,74.9,57.0,35.2,78.3,2,Yes,0,Not Placed,0
STU1127,IT,Female,8.08,90.6,47.9,88.6,50.8,4,Yes,0,Placed,890000
STU1128,EEE,Male,5.78,82.1,55.6,61.5,92.6,2,No,0,Not Placed,0
STU1129,CIVIL,Male,8.2,100.0,66.5,62.2,84.5,3,No,1,Placed,650000
STU1130,EEE,Male,7.31,80.1,56.5,55.5,82.4,1,Yes,5,Not Placed,0
STU1131,MECH,Male,7.0,80.5,65.6,54.7,62.9,1,No,0,Not Placed,0
STU1132,MECH,Female,6.66,74.0,68.1,65.8,69.7,2,No,0,Placed,640000
STU1133,CIVIL,Male,7.89,91.7,80.6,89.5,53.0,4,Yes,2,Placed,960000
STU1134,EEE,Male,8.08,92.5,44.1,74.4,60.8,1,No,0,Placed,610000
STU1135,CIVIL,Female,6.48,75.9,72.7,52.2,47.6,4,No,2,Placed,640000
STU1136,MECH,Male,7.79,85.6,56.0,75.3,65.9,0,No,0,Placed,610000
STU1137,IT,Male,8.16,77.3,75.0,41.0,80.9,5,Yes,3,Placed,710000
STU1138,CSE,Male,6.82,77.5,49.6,45.6,62.7,2,No,1,Not Placed,0
STU1139,AIDS,Male,6.49,75.3,60.6,69.9,52.8,5,Yes,0,Placed,780000
STU1140,AIDS,Male,6.11,84.4,75.8,54.1,73.9,3,No,0,Placed,520000
STU1141,CSE,Female,7.91,83.0,54.8,81.7,80.4,3,No,1,Not Placed,0
STU1142,CSE,Male,7.37,88.2,71.4,64.7,67.1,0,Yes,1,Placed,720000
STU1143,CSE,Female,6.15,69.1,95.1,54.4,65.8,5,Yes,1,Placed,750000
STU1144,MECH,Male,6.62,68.3,58.5,65.5,60.5,1,Yes,0,Not Placed,0
STU1145,EEE,Male,6.77,81.1,33.4,57.3,89.0,2,Yes,3,Not Placed,0
STU1146,IT,Female,7.64,90.6,32.5,65.3,74.4,0,No,1,Placed,530000
STU1147,MECH,Male,7.7,63.7,59.0,42.2,80.1,3,Yes,0,Placed,570000
STU1148,EEE,Female,6.45,87.5,56.1,64.1,83.7,1,No,1,Not Placed,0
STU1149,CSE,Female,7.16,69.8,77.6,61.6,62.0,1,No,3,Not Placed,0
STU1150,CIVIL,Male,8.23,74.7,43.2,98.0,88.3,3,No,0,Placed,810000
STU1151,EEE,Male,6.71,84.7,72.8,80.9,40.2,2,Yes,1,Placed,730000
STU1152,ECE,Female,6.57,74.6,67.5,56.9,68.6,2,No,2,Not Placed,0
STU1153,AIDS,Female,8.32,65.8,70.2,64.6,82.6,1,Yes,1,Not Placed,0
STU1154,CIVIL,Female,6.32,75.6,69.8,53.5,89.5,1,Yes,0,Not Placed,0
STU1155,IT,Female,6.47,71.6,69.6,75.3,60.4,2,No,0,Not Placed,0
STU1156,ECE,Male,6.9,83.8,48.3,62.5,59.7,2,No,0,Not Placed,0
STU1157,EEE,Female,6.9,89.2,85.9,85.5,80.4,3,No,1,Not Placed,0
STU1158,AIDS,Female,8.02,75.8,34.7,73.3,77.2,4,Yes,1,Not Placed,0
STU1159,ECE,Female,7.26,82.4,64.2,63.2,60.4,1,Yes,3,Not Placed,0
STU1160,ECE,Female,7.57,95.1,59.9,73.1,72.8,2,Yes,0,Not Placed,0
STU1161,IT,Female,5.41,74.2,60.1,88.5,69.4,2,Yes,0,Placed,580000
STU1162,ECE,Female,8.45,96.6,89.2,45.5,61.0,1,Yes,0,Placed,720000
STU1163,IT,Male,6.24,61.9,56.5,55.7,68.0,4,Yes,0,Placed,630000
STU1164,CSE,Male,6.85,64.1,62.0,59.6,67.3,1,Yes,1,Not Placed,0
STU1165,EEE,Male,7.45,69.3,63.8,64.3,74.1,0,Yes,0,Placed,570000
STU1166,ECE,Female,7.09,76.6,43.0,67.0,63.5,3,Yes,0,Placed,590000
STU1167,ECE,Female,5.9,80.7,57.0,56.3,74.9,0,No,1,Not Placed,0
STU1168,EEE,Female,7.02,74.1,62.8,66.5,61.3,0,No,1,Not Placed,0
STU1169,IT,Male,6.69,87.3,42.4,70.3,66.3,0,Yes,0,Not Placed,0
STU1170,AIDS,Male,7.73,89.8,82.0,44.0,85.8,3,No,0,Placed,580000
STU1171,AIDS,Male,8.07,70.6,48.4,46.9,59.4,0,No,1,Placed,480000
STU1172,AIDS,Female,7.96,82.1,50.6,61.4,47.9,4,Yes,2,Placed,600000
STU1173,ECE,Female,7.31,97.7,47.7,59.8,79.8,1,No,0,Not Placed,0
STU1174,ECE,Male,8.82,91.3,57.0,68.0,60.3,1,No,0,Placed,760000
STU1175,IT,Female,7.03,62.9,76.3,38.9,50.8,1,No,0,Not Placed,0
STU1176,IT,Male,6.26,85.3,52.1,75.1,59.7,2,Yes,1,Placed,730000
STU1177,IT,Female,8.57,64.5,79.2,56.2,79.8,1,Yes,0,Placed,670000
STU1178,EEE,Female,8.45,85.5,83.0,54.3,68.1,1,Yes,2,Placed,780000
STU1179,MECH,Female,8.1,78.7,65.4,46.0,70.7,3,Yes,0,Placed,590000
STU1180,ECE,Male,6.45,78.2,76.0,36.9,89.8,2,Yes,2,Not Placed,0
STU1181,EEE,Male,8.18,75.3,60.9,62.9,62.8,1,Yes,0,Placed,660000
STU1182,CSE,Male,7.12,79.2,48.4,56.0,38.1,2,Yes,2,Placed,490000
STU1183,CSE,Female,7.68,59.8,69.3,38.9,72.2,0,Yes,0,Placed,640000
STU1184,ECE,Male,6.43,83.0,53.9,76.3,54.8,3,Yes,0,Placed,740000
STU1185,CSE,Female,7.65,61.5,57.5,51.6,53.4,1,No,1,Placed,430000
STU1186,EEE,Male,7.09,84.0,57.2,66.9,57.6,0,No,2,Placed,670000
STU1187,ECE,Female,6.88,86.5,77.9,60.3,81.1,2,Yes,1,Placed,540000
STU1188,EEE,Female,8.5,78.2,81.2,74.3,67.1,0,No,1,Placed,600000
STU1189,IT,Female,6.02,89.0,90.1,63.4,75.3,4,Yes,2,Placed,670000
STU1190,AIDS,Female,5.58,70.8,48.0,45.7,65.5,1,Yes,0,Not Placed,0
STU1191,CSE,Male,7.71,70.9,74.6,64.2,37.2,5,No,5,Not Placed,0
STU1192,MECH,Female,7.9,79.4,46.7,77.8,71.6,1,Yes,3,Not Placed,0
STU1193,CSE,Male,7.39,68.5,55.2,52.9,80.3,2,No,0,Not Placed,0
STU1194,CSE,Male,7.25,78.5,53.8,44.6,77.4,0,No,0,Not Placed,0
STU1195,MECH,Male,7.31,84.5,49.5,87.6,95.8,0,Yes,0,Placed,630000
STU1196,CIVIL,Female,9.03,91.0,60.8,61.8,38.5,1,No,0,Placed,710000
STU1197,CSE,Male,7.95,80.8,61.9,58.5,43.4,5,No,0,Not Placed,0
STU1198,MECH,Female,7.0,73.9,61.4,70.8,58.5,1,No,2,Not Placed,0
STU1199,IT,Male,6.76,73.9,63.5,73.7,42.3,1,Yes,0,Placed,730000
STU1200,ECE,Female,7.8,63.8,52.6,77.3,80.5,1,Yes,2,Not Placed,0
STU1201,IT,Male,6.89,67.8,67.8,66.4,55.7,3,Yes,0,Placed,630000
STU1202,MECH,Male,7.17,52.5,67.9,91.0,59.3,1,No,1,Not Placed,0
STU1203,ECE,Female,7.15,63.3,66.3,83.3,84.4,1,No,1,Not Placed,0
STU1204,IT,Male,8.33,92.6,82.0,57.8,81.1,2,No,0,Placed,750000
STU1205,CSE,Female,7.33,66.2,72.7,76.7,64.0,5,Yes,0,Placed,670000
STU1206,MECH,Female,6.05,89.8,80.8,63.1,88.1,0,No,0,Not Placed,0
STU1207,ECE,Female,8.58,87.9,76.1,67.9,60.4,1,No,0,Placed,680000
STU1208,MECH,Male,6.53,74.7,45.6,46.1,65.2,2,Yes,0,Not Placed,0
STU1209,MECH,Female,7.55,86.4,46.6,25.0,79.1,1,No,1,Not Placed,0
STU1210,CSE,Male,8.22,77.2,56.1,51.3,68.9,2,Yes,2,Not Placed,0
STU1211,AIDS,Male,7.07,82.6,60.0,39.9,70.3,2,No,2,Not Placed,0
STU1212,MECH,Female,7.45,69.6,43.9,56.0,86.4,3,No,1,Not Placed,0
STU1213,CSE,Female,8.77,77.9,54.6,65.7,96.4,0,No,0,Placed,570000
STU1214,CSE,Male,6.03,89.4,78.8,71.7,42.2,0,Yes,0,Not Placed,0
STU1215,ECE,Male,7.39,87.3,54.0,50.7,90.2,1,No,0,Not Placed,0
STU1216,MECH,Female,8.72,87.3,59.2,78.9,64.2,2,Yes,1,Placed,850000
STU1217,AIDS,Female,7.66,90.1,43.1,52.0,52.1,2,Yes,0,Placed,680000
STU1218,MECH,Female,7.39,97.4,69.1,72.7,58.3,2,No,3,Placed,690000
STU1219,AIDS,Male,6.76,73.6,58.1,82.4,69.4,3,No,0,Not Placed,0
STU1220,MECH,Female,6.59,79.0,68.9,35.2,64.9,4,No,1,Placed,530000
STU1221,CSE,Female,6.95,75.4,51.8,61.4,57.0,3,Yes,0,Placed,670000
STU1222,IT,Male,7.78,91.5,63.1,73.5,60.1,0,No,0,Not Placed,0
STU1223,EEE,Male,7.54,67.8,56.2,70.4,78.8,4,No,2,Not Placed,0
STU1224,AIDS,Female,7.26,64.6,65.1,64.8,64.9,2,Yes,1,Placed,670000
STU1225,CSE,Female,7.34,73.7,66.5,52.4,70.3,1,No,2,Not Placed,0
STU1226,MECH,Male,7.52,80.5,57.5,54.0,46.9,1,No,2,Placed,630000
STU1227,ECE,Female,6.97,79.6,86.0,66.5,89.3,1,No,0,Placed,590000
STU1228,ECE,Female,7.99,61.8,60.2,56.6,50.3,1,Yes,0,Placed,590000
STU1229,ECE,Male,7.82,70.4,52.0,74.6,94.4,3,Yes,1,Placed,830000
STU1230,EEE,Female,6.67,73.0,68.5,74.5,59.3,0,No,2,Not Placed,0
STU1231,AIDS,Male,7.26,58.1,50.6,52.4,65.2,3,Yes,1,Not Placed,0
STU1232,CIVIL,Female,6.67,89.5,74.5,98.0,62.1,3,Yes,2,Not Placed,0
STU1233,CIVIL,Male,7.28,73.2,58.0,63.5,54.7,1,Yes,0,Not Placed,0
STU1234,CIVIL,Male,8.55,74.1,51.1,65.6,79.4,2,No,0,Placed,580000
STU1235,CSE,Male,6.45,86.1,63.3,65.1,65.8,3,Yes,0,Not Placed,0
STU1236,EEE,Female,7.11,67.9,73.1,52.8,69.3,6,Yes,1,Placed,620000
STU1237,ECE,Male,6.2,97.2,71.8,71.3,60.2,2,Yes,1,Not Placed,0
STU1238,MECH,Male,6.68,91.1,66.2,69.6,87.7,0,Yes,0,Placed,630000
STU1239,CSE,Female,7.86,77.3,85.6,51.4,65.8,0,No,0,Placed,590000
STU1240,AIDS,Male,7.12,73.8,59.0,57.1,89.6,1,No,0,Placed,470000
STU1241,ECE,Male,8.05,83.7,58.6,64.9,67.2,4,Yes,1,Placed,740000
STU1242,IT,Male,6.86,68.8,83.5,80.2,71.8,2,Yes,2,Placed,760000
STU1243,CSE,Male,6.73,69.8,53.8,95.9,76.0,1,Yes,0,Not Placed,0
STU1244,CIVIL,Male,7.95,70.1,73.5,55.0,82.7,0,Yes,0,Not Placed,0
STU1245,MECH,Male,7.19,87.8,73.5,50.8,64.6,2,Yes,2,Not Placed,0
STU1246,MECH,Male,6.98,64.1,44.7,81.2,66.9,3,Yes,0,Placed,670000
STU1247,AIDS,Female,6.65,85.2,70.4,54.9,72.0,0,No,2,Placed,530000
STU1248,MECH,Male,6.91,78.8,50.4,52.0,74.2,1,Yes,2,Not Placed,0
STU1249,IT,Female,6.89,92.1,61.4,59.1,64.6,3,No,1,Placed,510000
STU1250,EEE,Female,8.17,84.8,55.3,56.5,81.2,1,No,0,Placed,630000
STU1251,CSE,Female,8.09,98.1,51.5,84.2,79.7,3,Yes,0,Placed,810000
STU1252,CIVIL,Female,7.04,67.2,51.6,79.8,61.5,3,No,1,Placed,570000
STU1253,EEE,Female,8.08,72.5,53.7,69.9,80.2,1,No,1,Placed,630000
STU1254,MECH,Male,5.0,86.7,65.7,61.5,81.5,5,Yes,1,Placed,480000
STU1255,EEE,Female,8.8,63.9,59.5,67.6,69.8,2,No,1,Placed,630000
STU1256,CIVIL,Male,7.84,69.4,59.1,83.5,71.9,1,Yes,1,Placed,820000
STU1257,AIDS,Male,6.94,73.6,81.1,76.2,52.0,2,Yes,0,Not Placed,0
STU1258,IT,Female,7.81,62.5,59.6,58.2,69.2,1,Yes,0,Placed,520000
STU1259,AIDS,Male,6.96,85.3,41.1,74.9,65.1,5,No,0,Placed,540000
STU1260,ECE,Female,6.62,72.1,79.6,58.4,86.8,4,Yes,1,Not Placed,0
STU1261,EEE,Male,6.97,72.1,59.9,72.4,89.9,4,No,0,Placed,620000
STU1262,AIDS,Female,7.7,78.2,46.9,66.9,82.4,3,No,3,Placed,640000
STU1263,CSE,Female,7.13,63.3,51.0,96.2,59.8,5,No,2,Not Placed,0
STU1264,ECE,Male,7.73,89.8,51.9,71.9,63.2,2,No,0,Placed,530000
STU1265,MECH,Female,7.62,78.7,82.5,85.4,68.2,5,Yes,0,Placed,910000
STU1266,IT,Female,7.25,83.1,70.0,60.7,81.9,1,No,3,Not Placed,0
STU1267,CSE,Female,7.74,70.4,69.0,41.9,64.1,0,No,0,Placed,470000
STU1268,MECH,Male,8.26,80.0,72.7,60.9,59.1,1,Yes,1,Not Placed,0
STU1269,IT,Male,8.33,55.0,52.8,53.5,76.2,2,Yes,1,Placed,560000
STU1270,ECE,Female,6.67,91.5,59.6,59.0,71.3,1,No,0,Placed,520000
STU1271,CSE,Female,7.23,81.6,34.2,71.8,46.3,5,Yes,4,Not Placed,0
STU1272,ECE,Male,6.97,50.0,57.7,73.0,82.1,4,No,1,Placed,530000
STU1273,EEE,Male,7.53,84.9,50.9,38.3,49.7,1,Yes,1,Not Placed,0
STU1274,EEE,Male,9.15,85.3,63.9,86.0,70.0,3,Yes,1,Placed,870000
STU1275,CIVIL,Female,6.81,83.9,55.6,57.2,71.9,0,No,1,Placed,330000
STU1276,ECE,Female,7.49,86.6,55.8,46.6,55.0,4,Yes,1,Placed,720000
STU1277,ECE,Female,8.22,66.7,65.0,87.1,83.4,2,Yes,0,Placed,930000
STU1278,ECE,Male,8.51,81.7,52.9,52.0,69.1,2,No,1,Not Placed,0
STU1279,IT,Female,7.68,69.4,36.4,64.0,76.3,1,No,1,Not Placed,0
STU1280,CSE,Male,6.61,80.8,88.2,61.7,70.0,0,No,0,Not Placed,0
STU1281,ECE,Female,6.96,63.4,57.1,49.2,66.6,1,No,2,Placed,440000
STU1282,MECH,Female,7.35,85.2,58.1,94.4,62.5,1,No,3,Placed,700000
STU1283,AIDS,Female,7.24,86.8,44.5,56.9,70.8,1,Yes,1,Placed,540000
STU1284,EEE,Female,9.24,90.8,54.5,57.5,38.6,3,No,0,Placed,650000
STU1285,ECE,Male,7.6,81.0,66.9,53.3,81.7,1,No,1,Placed,550000
STU1286,ECE,Male,8.3,81.2,78.4,69.3,67.3,1,No,1,Placed,690000
STU1287,CSE,Female,6.0,76.5,62.2,94.1,81.6,2,No,0,Placed,500000
STU1288,AIDS,Male,8.13,77.5,75.7,54.1,83.7,5,Yes,0,Placed,870000
STU1289,ECE,Male,7.69,80.7,60.3,49.6,84.6,3,No,1,Placed,590000
STU1290,ECE,Female,6.03,77.2,65.3,71.0,66.2,2,Yes,0,Placed,550000
STU1291,EEE,Female,6.92,74.0,51.9,51.3,37.0,2,Yes,0,Not Placed,0
STU1292,ECE,Male,7.61,76.3,37.3,81.9,77.4,4,No,2,Placed,660000
STU1293,AIDS,Male,7.54,76.1,58.6,46.1,61.4,1,No,0,Placed,400000
STU1294,IT,Male,8.35,90.5,51.1,61.7,79.3,3,No,1,Placed,700000
STU1295,AIDS,Female,5.68,81.1,59.0,50.3,77.5,2,No,0,Placed,410000
STU1296,CSE,Female,7.13,74.8,41.7,91.4,57.1,2,No,1,Placed,640000
STU1297,MECH,Male,5.8,82.7,64.8,60.3,55.8,1,No,0,Not Placed,0
STU1298,CSE,Male,7.39,75.8,75.2,59.9,58.5,4,No,2,Placed,640000
STU1299,IT,Male,6.73,83.0,64.8,55.9,70.5,1,No,3,Not Placed,0
STU1300,IT,Male,7.92,74.9,58.0,88.3,51.4,3,No,1,Placed,820000
STU1301,CIVIL,Female,6.94,88.1,69.3,61.1,76.2,0,Yes,0,Placed,510000
STU1302,EEE,Female,6.83,66.3,80.5,58.2,65.2,1,No,1,Placed,660000
STU1303,IT,Female,8.3,87.0,71.4,37.3,75.1,1,Yes,0,Placed,510000
STU1304,CSE,Male,8.64,68.7,70.0,83.0,77.1,2,No,1,Placed,880000
STU1305,ECE,Male,6.13,76.2,67.4,62.6,62.5,4,Yes,3,Not Placed,0
STU1306,ECE,Female,6.52,73.8,76.2,80.1,66.2,1,No,1,Not Placed,0
STU1307,EEE,Female,7.25,74.1,64.8,71.1,62.3,3,Yes,0,Placed,750000
STU1308,IT,Female,7.72,84.1,65.7,80.9,58.1,3,No,1,Placed,710000
STU1309,CIVIL,Male,8.14,79.3,30.0,74.3,51.6,2,Yes,1,Placed,620000
STU1310,ECE,Female,7.82,74.4,65.3,47.2,63.9,2,No,3,Placed,590000
STU1311,CIVIL,Male,8.81,86.5,40.5,56.4,82.4,5,Yes,2,Placed,600000
STU1312,CSE,Male,7.42,70.9,64.0,78.3,82.3,0,Yes,0,Placed,700000
STU1313,ECE,Male,8.59,71.6,71.8,72.6,66.1,5,No,3,Placed,830000
STU1314,IT,Female,9.04,72.7,65.7,59.2,62.0,2,No,1,Placed,690000
STU1315,ECE,Female,7.94,85.7,62.2,86.8,51.0,3,Yes,0,Placed,830000
STU1316,EEE,Female,7.3,88.1,46.2,67.6,36.6,3,No,1,Placed,580000
STU1317,IT,Female,6.6,83.4,53.9,51.7,63.8,1,Yes,2,Not Placed,0
STU1318,IT,Male,7.58,66.8,47.4,66.0,57.1,2,No,0,Placed,630000
STU1319,AIDS,Female,7.34,74.9,52.5,35.8,73.9,1,No,0,Not Placed,0
STU1320,CSE,Male,8.4,92.5,52.8,73.0,74.7,0,No,1,Placed,620000
STU1321,MECH,Female,7.76,84.9,67.5,59.8,41.5,3,Yes,0,Placed,710000
STU1322,ECE,Male,7.2,81.3,71.9,85.3,68.6,3,No,1,Placed,720000
STU1323,MECH,Female,8.03,68.3,58.7,71.6,45.7,1,No,0,Placed,630000
STU1324,CSE,Female,6.37,79.4,83.9,69.4,70.1,3,Yes,1,Placed,650000
STU1325,CSE,Female,9.45,70.9,29.5,62.4,58.5,2,No,0,Placed,640000
STU1326,CSE,Male,7.18,87.0,42.3,57.6,62.6,5,No,2,Placed,600000
STU1327,ECE,Male,8.38,82.3,70.6,72.4,69.7,1,Yes,1,Placed,780000
STU1328,AIDS,Male,5.74,84.3,84.3,73.4,63.0,3,Yes,0,Not Placed,0
STU1329,IT,Female,7.82,64.8,59.7,42.6,83.9,3,Yes,2,Not Placed,0
STU1330,EEE,Male,6.73,88.6,37.8,78.5,66.1,2,Yes,1,Placed,610000
STU1331,CSE,Male,6.55,86.6,57.3,67.7,92.6,2,No,2,Not Placed,0
STU1332,ECE,Male,7.41,61.3,68.2,75.5,57.5,2,Yes,0,Placed,670000
STU1333,ECE,Female,8.39,66.2,60.2,58.3,65.7,1,Yes,0,Placed,620000
STU1334,ECE,Female,6.68,76.8,45.5,77.6,71.8,2,Yes,1,Not Placed,0
STU1335,MECH,Female,8.59,74.2,46.7,72.8,66.5,6,Yes,1,Placed,760000
STU1336,IT,Male,8.52,70.2,74.0,71.3,75.4,3,No,2,Placed,770000
STU1337,CSE,Male,7.16,64.5,51.4,75.4,71.3,5,Yes,1,Not Placed,0
STU1338,ECE,Male,6.79,97.4,72.6,72.3,79.4,3,Yes,0,Placed,720000
STU1339,AIDS,Female,6.59,96.0,59.6,84.5,68.2,1,No,0,Not Placed,0
STU1340,EEE,Female,5.89,93.5,50.8,47.6,54.2,3,Yes,3,Not Placed,0
STU1341,CIVIL,Male,8.46,73.6,54.2,63.1,84.0,1,Yes,1,Placed,690000
STU1342,IT,Female,7.82,90.2,68.8,67.1,73.5,2,No,0,Not Placed,0
STU1343,EEE,Male,6.27,78.9,63.2,78.0,64.4,1,No,1,Placed,500000
STU1344,CSE,Male,5.98,85.6,85.4,82.9,50.2,1,Yes,2,Not Placed,0
STU1345,AIDS,Male,7.47,75.0,34.2,74.2,87.4,1,Yes,1,Placed,560000
STU1346,ECE,Male,8.33,80.7,64.7,46.7,64.3,0,Yes,0,Placed,650000
STU1347,AIDS,Male,7.96,92.5,66.9,61.1,54.9,6,Yes,0,Placed,770000
STU1348,MECH,Female,7.72,80.6,76.7,68.0,55.3,0,Yes,0,Placed,660000
STU1349,AIDS,Male,7.78,69.0,50.1,85.7,77.2,2,Yes,2,Not Placed,0
STU1350,ECE,Male,5.59,86.1,50.0,28.9,64.1,1,No,1,Not Placed,0
STU1351,MECH,Male,6.92,69.5,78.2,64.6,70.4,5,No,0,Not Placed,0
STU1352,CSE,Male,7.18,78.9,72.1,53.8,77.1,3,Yes,0,Placed,650000
STU1353,CSE,Female,7.28,68.3,68.3,62.0,67.3,4,No,2,Not Placed,0
STU1354,IT,Male,5.9,67.5,75.6,56.9,68.2,2,Yes,0,Not Placed,0
STU1355,CSE,Male,7.09,100.0,58.2,55.0,70.3,3,No,0,Placed,460000
STU1356,AIDS,Male,7.78,86.4,63.4,76.5,76.3,2,No,3,Not Placed,0
STU1357,ECE,Male,5.23,76.3,63.6,44.4,57.2,1,No,1,Not Placed,0
STU1358,ECE,Female,6.84,64.6,40.8,53.3,63.5,4,Yes,1,Not Placed,0
STU1359,CSE,Male,8.06,87.1,78.6,56.5,79.9,2,No,0,Placed,600000
STU1360,MECH,Female,7.35,85.6,78.4,69.3,82.5,2,Yes,1,Placed,710000
STU1361,ECE,Female,7.93,77.7,85.8,71.5,68.1,3,No,0,Not Placed,0
STU1362,ECE,Male,6.91,89.1,68.8,81.7,71.2,1,Yes,0,Placed,590000
STU1363,IT,Female,6.96,84.6,68.8,61.3,83.9,2,Yes,1,Placed,580000
STU1364,CIVIL,Female,5.85,70.9,74.0,32.3,58.9,4,Yes,0,Placed,460000
STU1365,ECE,Female,8.2,77.4,64.1,30.2,71.4,2,Yes,0,Placed,540000
STU1366,CSE,Female,7.78,82.4,43.5,57.9,58.0,2,No,0,Placed,540000
STU1367,CSE,Female,7.55,86.7,46.7,60.7,53.2,2,No,0,Not Placed,0
STU1368,IT,Female,6.18,78.9,56.1,66.4,59.3,2,No,0,Placed,490000
STU1369,CSE,Male,8.56,79.8,91.8,87.5,46.9,4,No,1,Placed,1000000
STU1370,IT,Male,7.88,90.9,51.8,48.2,72.9,1,No,3,Not Placed,0
STU1371,ECE,Male,7.94,68.4,68.3,27.7,30.0,3,No,1,Not Placed,0
STU1372,IT,Female,8.79,74.6,82.2,64.7,76.2,4,No,3,Not Placed,0
STU1373,CSE,Female,8.91,64.7,82.5,57.2,70.1,3,No,0,Placed,690000
STU1374,MECH,Male,6.63,74.8,36.2,43.8,72.0,1,No,1,Not Placed,0
STU1375,CSE,Male,6.92,80.3,57.1,74.9,68.8,2,Yes,0,Placed,610000
STU1376,IT,Male,6.7,74.3,43.9,70.4,55.4,2,Yes,0,Placed,580000
STU1377,ECE,Female,5.73,76.2,31.1,64.1,83.4,2,Yes,1,Not Placed,0
STU1378,ECE,Female,6.93,80.8,72.8,66.8,81.8,3,Yes,1,Not Placed,0
STU1379,CIVIL,Female,6.2,88.9,79.7,84.5,59.5,1,Yes,1,Not Placed,0
STU1380,IT,Male,8.3,72.2,39.7,53.0,60.1,2,No,0,Not Placed,0
STU1381,CSE,Male,7.98,83.5,43.7,50.0,63.9,5,No,2,Placed,570000
STU1382,CIVIL,Male,7.3,85.5,70.2,56.0,64.3,2,Yes,1,Placed,760000
STU1383,ECE,Male,5.8,58.6,53.9,47.2,61.2,2,No,1,Not Placed,0
STU1384,IT,Female,7.09,72.7,68.1,70.6,49.6,3,No,1,Not Placed,0
STU1385,EEE,Female,8.31,89.0,53.5,93.8,53.1,6,No,4,Not Placed,0
STU1386,EEE,Male,6.46,73.2,70.3,51.1,78.3,0,No,0,Not Placed,0
STU1387,AIDS,Female,6.28,66.2,63.2,77.0,77.4,2,Yes,0,Not Placed,0
STU1388,ECE,Female,7.18,66.4,65.3,43.6,71.0,0,No,1,Not Placed,0
STU1389,EEE,Male,6.95,78.1,63.2,72.9,63.4,2,No,0,Placed,510000
STU1390,CSE,Male,8.19,81.2,69.4,66.7,76.1,3,No,0,Not Placed,0
STU1391,CSE,Female,7.26,96.1,38.2,62.8,66.1,2,Yes,1,Placed,550000
STU1392,EEE,Male,6.59,83.8,65.5,57.1,82.7,0,No,1,Not Placed,0
STU1393,CIVIL,Male,7.61,82.8,55.8,37.9,58.2,2,Yes,1,Placed,540000
STU1394,AIDS,Female,6.87,83.9,53.6,27.8,73.3,2,No,1,Placed,430000
STU1395,CIVIL,Female,7.16,76.5,69.0,54.2,45.5,2,No,0,Placed,510000
STU1396,ECE,Female,7.39,67.1,86.4,77.9,51.8,3,Yes,1,Placed,760000
STU1397,MECH,Male,8.34,80.5,49.5,53.0,75.5,4,No,0,Placed,690000
STU1398,ECE,Female,7.79,83.3,65.4,50.8,61.4,3,Yes,1,Placed,690000
STU1399,CSE,Male,6.44,89.3,58.8,85.2,69.1,1,Yes,0,Placed,660000
STU1400,IT,Female,7.66,74.2,41.3,68.0,88.0,6,Yes,0,Placed,760000
STU1401,MECH,Female,8.04,64.6,69.9,78.4,81.4,0,Yes,0,Placed,680000
STU1402,CSE,Female,7.97,82.2,38.1,70.7,71.7,2,No,2,Not Placed,0
STU1403,EEE,Male,6.69,75.1,47.4,74.6,64.0,1,No,1,Not Placed,0
STU1404,ECE,Male,7.46,83.6,79.7,42.0,69.9,1,No,1,Placed,380000
STU1405,CSE,Male,7.42,72.6,66.3,60.8,47.4,0,Yes,3,Placed,670000
STU1406,CSE,Female,8.1,77.9,38.0,46.3,68.4,3,Yes,1,Placed,530000
STU1407,CSE,Female,6.19,60.7,62.0,59.5,76.1,4,No,0,Placed,590000
STU1408,IT,Female,7.61,74.6,74.5,50.4,68.1,0,No,1,Not Placed,0
STU1409,AIDS,Female,7.81,68.9,82.4,78.5,58.6,3,No,0,Placed,790000
STU1410,CSE,Female,6.65,70.6,54.9,55.1,74.4,3,Yes,0,Placed,530000
STU1411,EEE,Female,7.5,82.9,61.5,68.4,70.4,0,No,2,Not Placed,0
STU1412,CSE,Male,6.39,76.6,60.1,73.7,88.2,1,Yes,3,Not Placed,0
STU1413,MECH,Female,6.91,85.2,67.8,75.3,55.0,3,Yes,0,Placed,740000
STU1414,MECH,Female,6.17,73.6,37.7,64.4,75.8,2,No,1,Not Placed,0
STU1415,MECH,Male,6.03,71.8,59.7,50.4,65.0,4,No,2,Not Placed,0
STU1416,CSE,Male,8.11,74.3,51.1,54.9,73.3,2,Yes,3,Placed,610000
STU1417,ECE,Female,7.97,91.1,76.4,75.4,69.7,1,Yes,4,Not Placed,0
STU1418,ECE,Male,6.98,77.3,37.5,67.0,59.2,0,Yes,2,Placed,590000
STU1419,ECE,Male,7.33,74.0,25.0,45.3,52.9,1,Yes,0,Placed,470000
STU1420,CIVIL,Female,7.66,91.6,57.2,64.3,64.6,5,No,1,Placed,710000
STU1421,CSE,Female,8.12,77.8,70.8,61.5,67.4,4,No,0,Placed,690000
STU1422,CSE,Female,7.95,90.4,61.5,39.9,59.7,0,Yes,0,Placed,540000
STU1423,AIDS,Female,7.7,80.5,81.4,71.5,51.5,1,Yes,0,Placed,850000
STU1424,AIDS,Female,5.8,84.1,51.6,69.9,92.1,1,Yes,0,Placed,520000
STU1425,AIDS,Male,7.06,85.0,50.9,68.6,63.2,1,No,1,Not Placed,0
STU1426,AIDS,Female,8.36,77.1,83.8,30.3,58.7,1,No,0,Placed,530000
STU1427,IT,Male,8.01,67.8,48.1,92.2,84.4,2,Yes,1,Placed,770000
STU1428,ECE,Female,7.78,80.9,55.1,66.4,73.1,2,Yes,1,Placed,660000
STU1429,CSE,Male,7.63,81.6,62.8,65.7,66.5,2,No,0,Placed,610000
STU1430,CSE,Female,6.19,72.4,70.2,76.5,59.7,0,No,0,Not Placed,0
STU1431,ECE,Male,6.87,76.8,50.5,86.4,59.9,1,Yes,0,Placed,700000
STU1432,CSE,Female,7.69,50.9,75.6,71.9,59.1,2,Yes,0,Placed,770000
STU1433,IT,Male,8.55,70.0,78.1,67.7,64.8,2,Yes,1,Placed,760000
STU1434,CSE,Female,8.01,68.6,63.5,75.6,88.2,3,No,0,Placed,760000
STU1435,ECE,Male,8.16,78.8,71.1,45.6,76.9,1,Yes,2,Placed,540000
STU1436,CSE,Male,7.66,84.2,60.6,87.3,53.6,1,Yes,2,Placed,650000
STU1437,AIDS,Male,6.93,71.8,69.5,57.2,75.4,1,Yes,0,Not Placed,0
STU1438,ECE,Female,6.63,76.9,68.3,52.4,89.4,4,No,0,Not Placed,0
STU1439,CIVIL,Male,6.5,79.8,56.6,65.3,77.3,1,Yes,0,Placed,530000
STU1440,AIDS,Female,5.81,86.3,49.5,65.1,52.0,2,Yes,2,Not Placed,0
STU1441,CSE,Female,6.38,73.6,78.6,59.1,66.7,4,No,2,Placed,680000
STU1442,CIVIL,Female,6.52,68.3,76.1,48.3,55.0,2,No,3,Not Placed,0
STU1443,AIDS,Male,7.38,63.0,62.8,76.6,72.1,2,No,0,Placed,630000
STU1444,CIVIL,Male,6.01,88.9,41.3,78.8,70.1,2,Yes,0,Placed,590000
STU1445,CSE,Male,6.42,79.0,70.1,47.4,38.3,3,No,1,Placed,380000
STU1446,EEE,Male,7.16,73.0,86.5,44.4,98.0,5,Yes,2,Placed,630000
STU1447,AIDS,Male,7.86,88.0,67.6,55.8,75.5,2,Yes,0,Placed,640000
STU1448,AIDS,Male,6.9,84.9,67.2,67.1,63.3,1,No,0,Not Placed,0
STU1449,MECH,Female,7.52,75.7,73.7,41.1,62.7,3,Yes,1,Placed,680000
STU1450,CIVIL,Male,7.63,81.9,69.6,60.1,80.6,3,Yes,1,Placed,680000
STU1451,IT,Female,6.31,71.8,47.0,64.0,61.1,0,Yes,1,Not Placed,0
STU1452,ECE,Male,8.4,84.2,65.9,81.5,75.5,2,No,0,Placed,760000
STU1453,CSE,Male,5.27,76.0,65.4,57.0,55.8,0,No,0,Not Placed,0
STU1454,ECE,Female,5.6,85.5,47.7,76.1,73.7,0,No,0,Not Placed,0
STU1455,CSE,Male,7.33,70.8,74.0,71.6,58.9,0,Yes,1,Not Placed,0
STU1456,EEE,Male,6.15,97.6,69.0,48.0,97.3,3,Yes,0,Placed,500000
STU1457,AIDS,Male,6.89,75.7,59.0,84.2,64.7,4,No,1,Placed,710000
STU1458,EEE,Female,7.44,85.3,69.1,49.0,60.2,2,Yes,1,Placed,680000
STU1459,EEE,Female,8.24,68.9,87.5,74.7,65.1,3,Yes,1,Placed,760000
STU1460,CSE,Male,7.21,74.3,65.5,50.3,75.9,0,Yes,0,Placed,580000
STU1461,MECH,Male,6.21,77.9,59.5,77.7,57.1,3,Yes,0,Placed,670000
STU1462,AIDS,Male,7.43,85.3,47.5,53.5,45.5,3,No,0,Not Placed,0
STU1463,IT,Male,8.28,79.0,69.5,98.0,59.5,0,Yes,1,Placed,790000
STU1464,CSE,Male,7.67,62.8,60.6,61.6,77.1,2,No,2,Placed,620000
STU1465,MECH,Male,9.29,87.3,70.1,83.3,73.9,1,No,1,Not Placed,0
STU1466,MECH,Female,6.55,69.1,59.3,77.7,70.2,3,Yes,2,Not Placed,0
STU1467,EEE,Female,6.75,82.9,88.8,54.1,72.9,2,No,1,Not Placed,0
STU1468,EEE,Female,7.96,59.8,76.6,68.3,59.6,3,Yes,1,Placed,700000
STU1469,ECE,Female,7.69,79.2,46.3,82.2,61.9,0,No,2,Not Placed,0
STU1470,AIDS,Male,7.3,85.7,57.5,79.2,67.9,1,No,1,Placed,640000
STU1471,MECH,Male,6.27,76.9,68.2,36.7,68.3,3,No,1,Not Placed,0
STU1472,AIDS,Female,6.54,76.4,55.2,60.1,57.4,4,Yes,0,Not Placed,0
STU1473,CSE,Female,7.82,84.4,62.9,78.4,82.5,2,No,0,Not Placed,0
STU1474,CSE,Male,7.37,81.5,55.6,71.4,55.6,2,Yes,0,Placed,640000
STU1475,CSE,Female,7.28,79.4,71.8,59.6,50.6,3,Yes,1,Placed,810000
STU1476,CSE,Male,6.57,91.5,59.0,66.3,81.0,2,Yes,0,Placed,560000
STU1477,CIVIL,Female,5.2,70.8,61.5,90.8,57.6,0,No,2,Not Placed,0
STU1478,EEE,Male,8.84,76.7,56.1,48.1,74.8,3,No,0,Placed,640000
STU1479,IT,Male,7.55,91.5,62.8,33.8,80.6,2,No,0,Not Placed,0
STU1480,CSE,Female,6.42,70.7,57.0,65.6,65.2,2,Yes,1,Not Placed,0
STU1481,AIDS,Female,6.77,82.2,48.7,40.6,82.6,1,Yes,1,Not Placed,0
STU1482,AIDS,Female,7.31,93.0,42.6,68.8,53.9,4,Yes,0,Placed,640000
STU1483,CIVIL,Male,6.86,78.8,84.3,63.8,60.6,0,Yes,0,Not Placed,0
STU1484,IT,Male,7.72,97.0,53.5,90.7,69.8,1,No,1,Placed,650000
STU1485,AIDS,Male,6.23,76.1,58.3,74.4,42.0,0,No,1,Not Placed,0
STU1486,EEE,Male,7.28,50.0,65.1,77.1,77.9,2,No,1,Placed,620000
STU1487,CIVIL,Female,7.71,75.0,67.4,57.5,51.5,0,No,4,Placed,570000
STU1488,AIDS,Female,7.52,76.9,72.5,70.5,77.4,3,No,1,Not Placed,0
STU1489,AIDS,Male,7.44,64.7,74.5,74.8,58.8,1,No,2,Not Placed,0
STU1490,CIVIL,Female,7.38,77.0,72.6,49.4,90.7,4,No,0,Placed,670000
STU1491,ECE,Male,7.05,98.5,79.1,56.3,50.4,3,No,1,Placed,510000
STU1492,IT,Male,7.43,70.9,63.4,59.0,63.3,1,No,4,Not Placed,0
STU1493,IT,Male,6.42,83.0,50.7,41.0,71.7,4,Yes,1,Not Placed,0
STU1494,MECH,Male,6.63,71.2,70.3,25.0,59.9,2,Yes,0,Not Placed,0
STU1495,CIVIL,Male,7.56,74.3,41.3,37.9,74.0,3,Yes,0,Not Placed,0
STU1496,CSE,Female,5.62,89.1,71.3,66.5,89.8,3,Yes,0,Placed,590000
STU1497,MECH,Male,8.06,86.7,63.9,62.9,75.6,1,Yes,0,Placed,580000
STU1498,MECH,Male,6.97,81.3,61.8,46.0,78.9,2,No,0,Placed,430000
STU1499,ECE,Female,7.38,87.2,66.7,69.0,75.7,0,No,0,Placed,570000
STU1500,ECE,Male,6.51,81.4,56.8,53.4,78.4,2,No,1,Not Placed,0
